"title","price","store","image_url","product_url","rating","review_count"
"Realme C30S (2+32) RMX3690 Blue","999000","idea","https://api.idea.uz/storage/products/March2023/6OnRLHFFCIzM8pNDAjp2.png","https://idea.uz/product/6210-smartfon-realme-c30s-2-32-rmx3690-blue","0","0"
"Spark Go 1 4/64 Startrail Black","999000","idea","https://api.idea.uz/storage/products/May2025/VkWemHWBgk6iGNql2wC0.png","https://idea.uz/product/10847-smartfon-tecno-spark-go-1-4-64-startrail-black","0","0"
"Spark Go 1 4/64 Glittery White","999000","idea","https://api.idea.uz/storage/products/May2025/QtxksCz4FZyPehaQeRhh.png","https://idea.uz/product/10848-smartfon-tecno-spark-go-1-4-64-glittery-white","0","0"
"Spark Go 1 3/64 Startrail Black","999000","idea","https://api.idea.uz/storage/products/October2024/GdfacWRGqhgdio5Zc5sC.png","https://idea.uz/product/8820-smartfon-tecno-spark-go-1-3-64-startrail-black","0","0"
"Spark Go 1 3/64 Glittery White","999000","idea","https://api.idea.uz/storage/products/October2024/yjBSu1NMgcKu3eLk5ihH.png","https://idea.uz/product/8821-smartfon-tecno-spark-go-1-3-64-glittery-white","0","0"
"Redmi A5 3/64 Midnight Black","1199000","idea","https://api.idea.uz/storage/products/April2025/8xnKoMrdAzXBGYyN7dcb.png","https://idea.uz/product/10795-smartfon-redmi-a5-3-64-midnight-black","0","0"
"Redmi A5 3/64 Lake Green","1199000","idea","https://api.idea.uz/storage/products/April2025/ru9sxuI8TZySV9ebzbQ2.png","https://idea.uz/product/10796-smartfon-redmi-a5-3-64-lake-green","0","0"
"Redmi A5 3/64 Ocean Blue","1199000","idea","https://api.idea.uz/storage/products/April2025/WvsDfmJAztXthdWBlSSW.png","https://idea.uz/product/10797-smartfon-redmi-a5-3-64-ocean-blue","0","0"
"Redmi A5 4/128 Midnight Black","1399000","idea","https://api.idea.uz/storage/products/April2025/7m9QB4c0TbmVkdFQeoeC.png","https://idea.uz/product/10798-smartfon-redmi-a5-4-128-midnight-black","0","0"
"Redmi A5 4/128 Ocean Blue","1399000","idea","https://api.idea.uz/storage/products/April2025/Dojzf4zZS92psDHXXO7W.png","https://idea.uz/product/10799-smartfon-redmi-a5-4-128-ocean-blue","0","0"
"Redmi A5 4/128 Lake Green","1399000","idea","https://api.idea.uz/storage/products/May2025/uKnwGDqOaeF7yesVHEim.png","https://idea.uz/product/10800-smartfon-redmi-a5-4-128-lake-green","0","0"
"Redmi A3 4/128 Star Blue","1399000","idea","https://api.idea.uz/storage/products/May2024/Uw8WuMASdZtLEaLa9yUu.png","https://idea.uz/product/7764-smartfon-redmi-a3-4-128-star-blue","0","0"
"Spark Go 1 4/128 Startrail Black","1399000","idea","https://api.idea.uz/storage/products/October2024/Y9s9kHTXr6Uy4CfFPtwb.png","https://idea.uz/product/8822-smartfon-tecno-spark-go-1-4-128-startrail-black","0","0"
"Spark Go 1 4/128 Glittery White","1399000","idea","https://api.idea.uz/storage/products/October2024/gGhigTZv9BEjPNYtm30b.png","https://idea.uz/product/8823-smartfon-tecno-spark-go-1-4-128-glittery-white","0","0"
"Honor X5c 4/64 Midnight Black","1399000","idea","https://api.idea.uz/storage/products/October2025/CrBWsFf4oqZN5pBXCnmt.png","https://idea.uz/product/11222-smartfon-honor-x5c-4-64-midnight-black","0","0"
"Honor X5c 4/64 Ocean Cyan (blue)","1399000","idea","https://api.idea.uz/storage/products/October2025/svaToyzWLhPZPakLnWcQ.png","https://idea.uz/product/11223-smartfon-honor-x5c-4-64-ocean-cyan-blue","0","0"
"Redmi A5 4/128 Sandy Gold","1399000","idea","https://api.idea.uz/storage/products/September2025/bPC5P1Tfo5mg6cMvz9qT.png","https://idea.uz/product/11250-smartfon-xiaomi-redmi-a5-4-128-sandy-gold","0","0"
"Redmi 14C 4/128 Sage Green","1499000","idea","https://api.idea.uz/storage/products/September2024/RyMIE0S1tdGtxNuTmRJV.png","https://idea.uz/product/8769-smartfon-xiaomi-redmi-14c-4-128-sage-green","0","0"
"Honor X5b 4/64 Midnight Black","1499000","idea","https://api.idea.uz/storage/products/December2024/dmfkqFdOBbKWWtnnZhlr.png","https://idea.uz/product/8909-smartfon-honor-x5b-4-64-midnight-black","0","0"
"Honor X5b 4/64 Ocean Blue","1499000","idea","https://api.idea.uz/storage/products/December2024/yoLoWcGcgze4zIKClz91.png","https://idea.uz/product/8910-smartfon-honor-x5b-4-64-ocean-blue","0","0"
"Spark 30C 4/128 Orbit Black","1599000","idea","https://api.idea.uz/storage/products/October2024/nvhYsgUl6l7JGCIy9u77.png","https://idea.uz/product/8824-smartfon-tecno-spark-30c-4-128-orbit-black","0","0"
"Spark 30C 4/128 Orbit White","1599000","idea","https://api.idea.uz/storage/products/October2024/BaYf6aVwIPbwRTtrfZQt.png","https://idea.uz/product/8825-smartfon-tecno-spark-30c-4-128-orbit-white","0","0"
"Honor X5 Plus 4/64 Midnight Black","1599000","idea","https://api.idea.uz/storage/products/November2023/bLvEjAkomj4KwCgxbX0g.png","https://idea.uz/product/6810-smartfon-honor-x5-plus-4-64-midnight-black","0","0"
"Honor X5 Plus 4/64 Cyan Lake","1599000","idea","https://api.idea.uz/storage/products/July2024/xXpGZNhkdwueKUUc59so.png","https://idea.uz/product/7325-smartfon-honor-x5-plus-4-64-cyan-lake","0","0"
"Redmi 15C 4/128 Midnight Black","1599000","idea","https://api.idea.uz/storage/products/September2025/hSQdbCMWsLcTbeLvwE0S.png","https://idea.uz/product/11168-smartfon-xiaomi-redmi-15c-4-128-midnight-black","0","0"
"Redmi 15C 4/128 Blue","1599000","idea","https://api.idea.uz/storage/products/September2025/jpT8OVq3b5PpI3kLVPhl.png","https://idea.uz/product/11210-smartfon-xiaomi-redmi-15c-4-128-blue","0","0"
"Spark 30C 4/128 Magic Skin Green","1599000","idea","https://api.idea.uz/storage/products/December2024/4QqcfxjPXZOxxAEJIXFK.png","https://idea.uz/product/8944-smartfon-tecno-spark-30c-4-128-magic-skin-green","0","0"
"Galaxy A06 4/128GB black","1660000","idea","https://api.idea.uz/storage/products/September2024/UK2JKXXwbMLUq28m5IE0.png","https://idea.uz/product/8741-smartfon-samsung-galaxy-a06-4-128gb-black","0","0"
"Galaxy A06 4/128GB light blue","1660000","idea","https://api.idea.uz/storage/products/September2024/pxPiyP0pyVtlpgPvISxf.png","https://idea.uz/product/8742-smartfon-samsung-galaxy-a06-4-128gb-light-blue","0","0"
"Galaxy A07 4/128GB black","1699000","idea","https://api.idea.uz/storage/products/September2025/87Dyy2EZKIlQ5oHXB6sQ.png","https://idea.uz/product/11172-smartfon-samsung-galaxy-a07-4-128gb-black","0","0"
"C65 6/128 Black","1699000","idea","https://api.idea.uz/storage/products/December2024/cHmywB0I02sXfHgWIhCm.png","https://idea.uz/product/10422-smartfon-xiaomi-poco-c65-6-128-black","0","0"
"Galaxy A07 4/128GB Green","1699000","idea","https://api.idea.uz/storage/products/September2025/VcN49FHqLC1R1RHXSSi3.png","https://idea.uz/product/11198-smartfon-samsung-galaxy-a07-4-128gb-green","0","0"
"Honor X5b Plus 4/128 Flowing Blue","1699000","idea","https://api.idea.uz/storage/products/April2025/D0K8ZBrU6Xd9zCtummLY.png","https://idea.uz/product/8916-smartfon-honor-x5b-plus-4-128-flowing-blue","0","0"
"Honor X5b Plus 4/128 Flowing Black","1699000","idea","https://api.idea.uz/storage/products/December2024/hVuy1cb6HoAtLQrZBffm.png","https://idea.uz/product/8917-smartfon-honor-x5b-plus-4-128-flowing-black","0","0"
"Honor X5c Plus 4/128 Midnight Black","1699000","idea","https://api.idea.uz/storage/products/September2025/YLF0ZemPKPHBZApowpV8.png","https://idea.uz/product/11224-smartfon-honor-x5c-plus-4-128-midnight-black","0","0"
"Honor X5c Plus 4/128 Ocean Cyan","1699000","idea","https://api.idea.uz/storage/products/October2025/TVBYL8wL3lrcdGJKwZ50.png","https://idea.uz/product/11263-smartfon-honor-x5c-plus-4-128-ocean-cyan","0","0"
"Galaxy A07 6/128GB black","1799000","idea","https://api.idea.uz/storage/products/September2025/EhPsesmCD7pKTymeOePd.png","https://idea.uz/product/11173-smartfon-samsung-galaxy-a07-6-128gb-black","0","0"
"C65 8/256 Black","1799000","idea","https://api.idea.uz/storage/products/December2024/ouhQR8Hqo47GhmsrJG9o.png","https://idea.uz/product/10424-smartfon-xiaomi-poco-c65-8-256-black","0","0"
"C85 6/128 Black","1799000","idea","https://api.idea.uz/storage/products/October2025/xHOFj7gMlUCGsZRwL00I.png","https://idea.uz/product/11197-smartfon-xiaomi-poco-c85-6-128-black","0","0"
"Galaxy A07 6/128GB Light Violet","1799000","idea","https://api.idea.uz/storage/products/September2025/VLad8ctsSJt9s30zHU9n.png","https://idea.uz/product/11199-smartfon-samsung-galaxy-a07-6-128gb-light-violet","0","0"
"Nova Y63 4/128 Black","1799000","idea","https://api.idea.uz/storage/products/June2025/asVI3YXkyf4HX7C5hL2C.png","https://idea.uz/product/10944-smartfon-huawei-nova-y63-4-128-black","0","0"
"Nova Y63 4/128 Silver","1799000","idea","https://api.idea.uz/storage/products/June2025/glH2hF21eGwMTfCjT148.png","https://idea.uz/product/10945-smartfon-huawei-nova-y63-4-128-silver","0","0"
"Honor X6a 4/128GB Midnight Black","1840000","idea","https://api.idea.uz/storage/products/October2023/WYTlrQ9CO4d3jucNngQK.jpg","https://idea.uz/product/6522-smartfon-honor-x6a-4-128gb-midnight-black","0","0"
"Honor X6b 4/128 Midnight Black","1899000","idea","https://api.idea.uz/storage/products/September2024/hBcKQcPWthr0Xw2zJSHS.png","https://idea.uz/product/8212-smartfon-honor-x6b-4-128-midnight-black","0","0"
"Honor X6c 6/128 Midnight Black","1899000","idea","https://api.idea.uz/storage/products/July2025/YHH4IqglrJf0U0BIyJC5.png","https://idea.uz/product/11032-smartfon-honor-x6c-6-128-midnight-black","0","0"
"Honor X6c 6/128 Ocean Cyan","1899000","idea","https://api.idea.uz/storage/products/July2025/hqjencCawlNfNoRAt39u.png","https://idea.uz/product/11033-smartfon-honor-x6c-6-128-ocean-cyan","0","0"
"Honor X6b 4/128 Forest Green","1899000","idea","https://api.idea.uz/storage/products/September2024/l221Vk7Egh3kFO37kSWc.png","https://idea.uz/product/8160-smartfon-honor-x6b-4-128-forest-green","0","0"
"Spark 30 8/128 Astral Ice","1899000","idea","https://api.idea.uz/storage/products/November2024/UUCYh6wlQFhdJoqG6iz3.png","https://idea.uz/product/8938-smartfon-tecno-spark-30-8-128-astral-ice","0","0"
"Spark 30 8/128 Stellar Shadow","1899000","idea","https://api.idea.uz/storage/products/November2024/zgdxUUC62zeEOZ98rhJo.png","https://idea.uz/product/8939-smartfon-tecno-spark-30-8-128-stellar-shadow","0","0"
"Honor X6b 6/256 Midnight Black","1999000","idea","https://api.idea.uz/storage/products/September2024/7nBom5GSRkLcIPa1m2UV.png","https://idea.uz/product/8213-smartfon-honor-x6b-6-256-midnight-black","0","0"
"Honor X6c 6/256 Midnight Black","1999000","idea","https://api.idea.uz/storage/products/July2025/p99YLmZL25UfxzwsghYc.png","https://idea.uz/product/11068-smartfon-honor-x6c-6-256-midnight-black","0","0"
"Honor X6c 6/256 Ocean Cyan","1999000","idea","https://api.idea.uz/storage/products/July2025/7EhsqQH0VyHWuqAILH5I.png","https://idea.uz/product/11069-smartfon-honor-x6c-6-256-ocean-cyan","0","0"
"OPPO A5x 4/64 Midnight Blue","1999000","idea","https://api.idea.uz/storage/products/August2025/XrIlcvvTCIp7VkTDct4m.png","https://idea.uz/product/11138-smartfon-oppo-a5x-4-64-midnight-blue","0","0"
"OPPO A5x 4/64 Laser White","1999000","idea","https://api.idea.uz/storage/products/August2025/BvzGYn5RisehKNIbdzP8.png","https://idea.uz/product/11140-smartfon-oppo-a5x-4-64-laser-white","0","0"
"Redmi 15C 8/256 Blue","1999000","idea","https://api.idea.uz/storage/products/August2025/RauTWpS26FOrXrSeUGWN.png","https://idea.uz/product/11160-smartfon-xiaomi-redmi-15c-8-256-blue","0","0"
"Redmi 15C 8/256 Midnight Black","1999000","idea","https://api.idea.uz/storage/products/September2025/lkDIzQE5Ystx9VFUz4ZS.png","https://idea.uz/product/11169-smartfon-xiaomi-redmi-15c-8-256-midnight-black","0","0"
"Honor X6b 6/256 Forest Green","1999000","idea","https://api.idea.uz/storage/products/September2024/Njmk27lvFDvrg0mb9kGG.png","https://idea.uz/product/8159-smartfon-honor-x6b-6-256-forest-green","0","0"
"A3x 4/64 Ocean Blue","2099000","idea","https://api.idea.uz/storage/products/March2025/HkU9sFzKk1zj2nXTaFdc.png","https://idea.uz/product/10575-smartfon-oppo-a3x-4-64-ocean-blue","0","0"
"A3x 4/64 Nebula Red","2099000","idea","https://api.idea.uz/storage/products/June2025/FxR66C8eOAqxL25KCmPT.png","https://idea.uz/product/10576-smartfon-oppo-a3x-4-64-nebula-red","0","0"
"Spark 30 8/256 Astral Ice","2099000","idea","https://api.idea.uz/storage/products/November2024/znjAEyK9rR3zzBdvlgAU.png","https://idea.uz/product/8940-smartfon-tecno-spark-30-8-256-astral-ice","0","0"
"Spark 30 8/256 Stellar Shadow","2099000","idea","https://api.idea.uz/storage/products/November2024/TL5v7V7m36NgK4sjDceU.png","https://idea.uz/product/8941-smartfon-tecno-spark-30-8-256-stellar-shadow","0","0"
"Redmi 13 6/128 Midnight Black","2099000","idea","https://api.idea.uz/storage/products/July2024/dRbgCl3ZNCWhhX8f3QrJ.png","https://idea.uz/product/8185-smartfon-xiaomi-redmi-13-6-128-midnight-black","0","0"
"Redmi 13 6/128 Ocean Blue","2099000","idea","https://api.idea.uz/storage/products/July2024/ARSliUT8WePOF7iKEnkF.png","https://idea.uz/product/8186-smartfon-xiaomi-redmi-13-6-128-ocean-blue","0","0"
"A3x 4/128 Nebula Red","2299000","idea","https://api.idea.uz/storage/products/March2025/n5nT4uStDESOSZzFg0m5.png","https://idea.uz/product/10574-smartfon-oppo-a3x-4-128-nebula-red","0","0"
"OPPO A5x 4/128 Midnight Blue","2299000","idea","https://api.idea.uz/storage/products/August2025/NUaCeJmZZtHDv16mR73Y.png","https://idea.uz/product/11139-smartfon-oppo-a5x-4-128-midnight-blue","0","0"
"OPPO A5x 4/128 Laser White","2299000","idea","https://api.idea.uz/storage/products/August2025/sS1uImJ4VjxEykI8fvDy.png","https://idea.uz/product/11141-smartfon-oppo-a5x-4-128-laser-white","0","0"
"A3x 4/128 Ocean Blue","2299000","idea","https://api.idea.uz/storage/products/December2024/NiNzB4LuEYfZ7PpwGtrc.png","https://idea.uz/product/8844-smartfon-oppo-a3x-5g-4-128-ocean-blue","0","0"
"Nova Y72s 8/128 Black","2299000","idea","https://api.idea.uz/storage/products/June2025/Xjz1zBZ7czFulkNoscjD.png","https://idea.uz/product/10946-smartfon-huawei-nova-y72s-8-128-black","0","0"
"Nova Y72s 8/128 Blue","2299000","idea","https://api.idea.uz/storage/products/June2025/zX4BMHsdMAhnYk60SIDZ.png","https://idea.uz/product/10947-smartfon-huawei-nova-y72s-8-128-blue","0","0"
"Redmi 13 8/128 Midnight Black","2299000","idea","https://api.idea.uz/storage/products/September2024/XaVujGuUs3SJpYXqOLbe.png","https://idea.uz/product/8684-smartfon-redmi-13-8-128-midnight-black","0","0"
"Redmi 13 8/128 Ocean Blue","2299000","idea","https://api.idea.uz/storage/products/September2024/MEBDxiZZ24ImcO4Mar3W.png","https://idea.uz/product/8685-smartfon-redmi-13-8-128-ocean-blue","0","0"
"Honor X7b Black 8/128GB","2369000","idea","https://api.idea.uz/storage/products/May2024/r6kPGKYyfIPWDV8tp7C5.png","https://idea.uz/product/6857-smartfon-honor-x7b-black-8-128gb","0","0"
"Honor X7c 6/128 Midnight Black","2389000","idea","https://api.idea.uz/storage/products/December2024/12kV8PIINrQuZnt1CcLa.png","https://idea.uz/product/8911-smartfon-honor-x7c-6-128-midnight-black","0","0"
"Honor X7c 6/128 Moonlight White","2389000","idea","https://api.idea.uz/storage/products/December2024/EafvHloe8P0gxuWdy35g.png","https://idea.uz/product/8912-smartfon-honor-x7c-6-128-moonlight-white","0","0"
"Honor X7c 6/128 Forest Green","2389000","idea","https://api.idea.uz/storage/products/December2024/XCeZEngN7DTHrh8YJKnf.png","https://idea.uz/product/8913-smartfon-honor-x7c-6-128-forest-green","0","0"
"Honor X7d 6/128 Velvet Black","2399000","idea","https://api.idea.uz/storage/products/September2025/jYeYLTD6KQYWp5Ly1anc.png","https://idea.uz/product/11215-smartfon-honor-x7d-6-128-velvet-black","0","0"
"Redmi Note 14 6/128 Midnight Black","2399000","idea","https://api.idea.uz/storage/products/January2025/vvhxl1J0QbMRmOiSnrSF.png","https://idea.uz/product/10448-smartfon-xiaomi-redmi-note-14-6-128-midnight-black","0","0"
"Honor X7d 6/128 Desert Gold","2399000","idea","https://api.idea.uz/storage/products/September2025/bwcVe5Ivs6dvy9VLPS5Y.png","https://idea.uz/product/11216-smartfon-honor-x7d-6-128-desert-gold","0","0"
"Redmi Note 14 6/128 Lime Green","2399000","idea","https://api.idea.uz/storage/products/January2025/ejMQFqevfUQgGSmMEruf.png","https://idea.uz/product/10449-smartfon-xiaomi-redmi-note-14-6-128-lime-green","0","0"
"Honor X7d 6/128 Meteor Silver","2399000","idea","https://api.idea.uz/storage/products/September2025/RpJapg6Z0gU3ORcZwelw.png","https://idea.uz/product/11217-smartfon-honor-x7d-6-128-meteor-silver","0","0"
"Redmi Note 14 6/128 Ocean Blue","2399000","idea","https://api.idea.uz/storage/products/January2025/aGzGimfKsDqKlRDeec2A.png","https://idea.uz/product/10450-smartfon-xiaomi-redmi-note-14-6-128-ocean-blue","0","0"
"Galaxy A17 6/128 Black","2399000","idea","https://api.idea.uz/storage/products/September2025/ZCcZyC3MkOOasNxbQHxY.png","https://idea.uz/product/11229-smartfon-samsung-galaxy-a17-6-128-black","0","0"
"Galaxy A17 6/128 Gray","2399000","idea","https://api.idea.uz/storage/products/September2025/G7zuEwvP7YoVfVvGwlX1.png","https://idea.uz/product/11232-smartfon-samsung-galaxy-a17-6-128-gray","0","0"
"Galaxy A17 6/128 Light Blue","2399000","idea","https://api.idea.uz/storage/products/September2025/rFvXxirF1ccsZ2JUqS5D.png","https://idea.uz/product/11233-smartfon-samsung-galaxy-a17-6-128-light-blue","0","0"
"Nova Y72 8/256 Black","2399000","idea","https://api.idea.uz/storage/products/June2024/NS17JhZ7Oyyvbd6inN17.png","https://idea.uz/product/7919-smartfon-huawei-nova-y72-8-256-black","0","0"
"Nova Y72 8/256 Green","2399000","idea","https://api.idea.uz/storage/products/June2024/5BAOxDegBjBFeDna3sKs.png","https://idea.uz/product/7920-smartfon-huawei-nova-y72-8-256-green","0","0"
"Spark 30 Pro 8/256 Obsidian Edge","2399000","idea","https://api.idea.uz/storage/products/December2024/IcxHuDZNwDXBQrwyYQcq.png","https://idea.uz/product/8945-smartfon-tecno-spark-30-pro-8-256-obsidian-edge","0","0"
"Spark 30 Pro 8/256 Arctic Glow","2399000","idea","https://api.idea.uz/storage/products/December2024/StkuYX3giBhJ8fpjzZhA.png","https://idea.uz/product/8946-smartfon-tecno-spark-30-pro-8-256-arctic-glow","0","0"
"Galaxy A16 6/128 Black","2399000","idea","https://api.idea.uz/storage/products/November2024/rmnFwa2G5uCBGYp5Y2ey.png","https://idea.uz/product/8951-smartfon-samsung-galaxy-a16-128gb-black","0","0"
"Nova 11i 8/128 Starry Black","2490000","idea","https://api.idea.uz/storage/products/July2023/8Mm31XOtm7CV8c2bNZbC.png","https://idea.uz/product/6457-smartfon-huawei-nova-11i-8-128gb-starry-black","0","0"
"Honor X7c 8/256 Forest Green","2499000","idea","https://api.idea.uz/storage/products/December2024/2hCRk0MWsBrMxCbhxdeV.png","https://idea.uz/product/9028-smartfon-honor-x7c-8-256-forest-green","0","0"
"Honor X7c 8/256 Midnight Black","2499000","idea","https://api.idea.uz/storage/products/December2024/Aase8oVwV1wQbtGgqcA5.png","https://idea.uz/product/8914-smartfon-honor-x7c-8-256-midnight-black","0","0"
"Honor X7d 8/256 Meteor Silver","2499000","idea","https://api.idea.uz/storage/products/September2025/TcAKp1nkeQSfJd5TgpxN.png","https://idea.uz/product/11218-smartfon-honor-x7d-8-256-meteor-silver","0","0"
"Honor X7c 8/256 Moonlight White","2499000","idea","https://api.idea.uz/storage/products/December2024/NWEIqQGrMYZVj0vAClgM.png","https://idea.uz/product/8915-smartfon-honor-x7c-8-256-moonlight-white","0","0"
"Honor X7d 8/256 Desert Gold","2499000","idea","https://api.idea.uz/storage/products/September2025/dJg8sA5YrQrxS2kButuc.png","https://idea.uz/product/11219-smartfon-honor-x7d-8-256-desert-gold","0","0"
"Honor X7d 8/256 Velvet Black","2499000","idea","https://api.idea.uz/storage/products/September2025/vC4BEtCjC77eN8GNnKM3.png","https://idea.uz/product/11228-smartfon-honor-x7d-8-256-velvet-black","0","0"
"Redmi Note 14 8/256 Lime Green","2599000","idea","https://api.idea.uz/storage/products/January2025/CDZ7IAuIVe528UhSuqwg.png","https://idea.uz/product/10505-smartfon-xiaomi-redmi-note-14-8-256-lime-green","0","0"
"Camon 30 8/256 Basaltic Dark","2599000","idea","https://api.idea.uz/storage/products/August2024/RiIcHhYspc4b57CtKP0w.png","https://idea.uz/product/8496-smartfon-tecno-camon-30-8-256-basaltic-dark","0","0"
"Redmi Note 14 8/256 Midnight Black","2599000","idea","https://api.idea.uz/storage/products/January2025/jdifx4OcIbJg1e3Y49EZ.png","https://idea.uz/product/10451-smartfon-xiaomi-redmi-note-14-8-256-midnight-black","0","0"
"Redmi Note 14 8/256 Ocean Blue","2599000","idea","https://api.idea.uz/storage/products/December2025/RGg0tYPFPQqfLYmiCPLl.png","https://idea.uz/product/11496-smartfon-redmi-note-14-8-256-ocean-blue","0","0"
"Nova 12i 8/128 Black","2699000","idea","https://api.idea.uz/storage/products/June2024/tD9zISrymCOg746Admry.png","https://idea.uz/product/7917-smartfon-huawei-nova-12i-8-128gb-black","0","0"
"Nova 12i 8/128 Green","2699000","idea","https://api.idea.uz/storage/products/June2024/ZvkWbB2WgFDK16SkDEVb.png","https://idea.uz/product/7918-smartfon-huawei-nova-12i-8-128gb-green","0","0"
"Redmi Note 15 6/128 Black","2799000","idea","https://api.idea.uz/storage/products/January2026/y1AyS2ykHuIUSlX2EeRd.png","https://idea.uz/product/11527-smartfon-redmi-note-15-6-128-black","0","0"
"Redmi Note 15 6/128 Forest Green","2799000","idea","https://api.idea.uz/storage/products/February2026/HUyuZMqbfws9RqLh1p5j.png","https://idea.uz/product/11542-smartfon-xiaomi-redmi-note-15-6-128-forest-green","0","0"
"Galaxy A16 8/256 Black","2799000","idea","https://api.idea.uz/storage/products/November2024/rQlwkcD6CdA75s5xqsQ2.png","https://idea.uz/product/8984-smartfon-samsung-galaxy-a16-256gb-black","0","0"
"Galaxy A17 8/256 Black","2799000","idea","https://api.idea.uz/storage/products/September2025/JiS4vZcGFuBNyYKrkq4w.png","https://idea.uz/product/11230-smartfon-samsung-galaxy-a17-8-256-black","0","0"
"Galaxy A17 8/256 Gray","2799000","idea","https://api.idea.uz/storage/products/September2025/tpkUnKljaEv8onVsuh71.png","https://idea.uz/product/11231-smartfon-samsung-galaxy-a17-8-256-gray","0","0"
"Galaxy A16 8/256 Light Green","2799000","idea","https://api.idea.uz/storage/products/November2024/D1lZOZU6D8Doa5VBs97l.png","https://idea.uz/product/8954-smartfon-samsung-galaxy-a16-256gb-light-green","0","0"
"OPPO A5 6/128 Aurora Green","2899000","idea","https://api.idea.uz/storage/products/November2025/OyEr5iKtrHSBbyNbUzsQ.png","https://idea.uz/product/11399-smartfon-oppo-a5-6-128-aurora-green","0","0"
"OPPO A5 6/128 Mist White","2899000","idea","https://api.idea.uz/storage/products/November2025/KFBwt7zraZ1mMSX4RXgV.png","https://idea.uz/product/11400-smartfon-oppo-a5-6-128-mist-white","0","0"
"Redmi Note 15 8/256 Black","2999000","idea","https://api.idea.uz/storage/products/January2026/9JkvY8x9crX2iYULeZEk.png","https://idea.uz/product/11528-redmi-note-15-8256-black","0","0"
"Honor X8c 6/128 Midnight Black","2999000","idea","https://api.idea.uz/storage/products/February2025/ZxWPzrNO4iBYVJHIXh1R.png","https://idea.uz/product/10527-smartfon-honor-x8c-6-128-midnight-black","0","0"
"A3 6/128 Sparkle Black","2999000","idea","https://api.idea.uz/storage/products/March2025/14rQETTEyNRqbD0NkBPp.png","https://idea.uz/product/10571-smartfon-oppo-a3-6-128-sparkle-black","0","0"
"A3 6/128 Starlight White","2999000","idea","https://api.idea.uz/storage/products/March2025/TJgTQGWkzMqghVYePauj.png","https://idea.uz/product/10572-smartfon-oppo-a3-6-128-starlight-white","0","0"
"A5 Pro 8/128 Olive Green","2999000","idea","https://api.idea.uz/storage/products/May2025/2Uxo9U3d2W8jCmwIqFU2.png","https://idea.uz/product/10885-smartfon-oppo-a5-pro-8-128-olive-green","0","0"
"A5 Pro 8/128 Mocha Brown","2999000","idea","https://api.idea.uz/storage/products/April2025/yjXoIzjOuEuhA3wBuRGC.png","https://idea.uz/product/10741-smartfon-oppo-a5-pro-8-128-mocha-brown","0","0"
"Honor X8b 8/128 Midnight Black","3099000","idea","https://api.idea.uz/storage/products/January2024/g1Gmkk8mFX4fmZhVXiuC.png","https://idea.uz/product/7121-smartfon-honor-x8b-8-128-midnight-black","0","0"
"Camon 30 5G 8/256 Basaltic Dark","3199000","idea","https://api.idea.uz/storage/products/March2025/GCNSqC67hSVXoQ5274ze.png","https://idea.uz/product/10578-smartfon-tecno-camon-30-5g-8-256-basaltic-dark","0","0"
"Honor X8c 8/256 Midnight Black","3199000","idea","https://api.idea.uz/storage/products/March2025/cfT0zEUpqDLqKRJvetiD.png","https://idea.uz/product/10626-smartfon-honor-x8c-8-256-midnight-black","0","0"
"Honor X8d 8/128 Velvet Black","3399000","idea","https://api.idea.uz/storage/products/February2026/WEjZbbT8cE1bSumWLnmq.png","https://idea.uz/product/11559-smartfon-honor-x8d-8-128-velvet-black","0","0"
"Galaxy A26 6/128 Black","3399000","idea","https://api.idea.uz/storage/products/March2025/lOYkg4a3SPCiqUYaRi8P.png","https://idea.uz/product/10716-smartfon-samsung-galaxy-a26-6-128-black","0","0"
"Galaxy A26 6/128 Light Green (mint)","3399000","idea","https://api.idea.uz/storage/products/March2025/9L93fApqEHBwpKplGtpA.png","https://idea.uz/product/10717-smartfon-samsung-galaxy-a26-6-128-light-green","0","0"
"Honor 400 Lite 8/256GB Marrs Green","3499000","idea","https://api.idea.uz/storage/products/May2025/QkMlm8Iw2PDMgfGVFbWU.png","https://idea.uz/product/10869-smartfon-honor-400-lite-8-256gb-marrs-green","0","0"
"Honor 400 Lite 8/256GB Velvet Black","3499000","idea","https://api.idea.uz/storage/products/May2025/HNQAWZgqWgvtNLyRV7kN.png","https://idea.uz/product/10870-smartfon-honor-400-lite-8-256gb-velvet-black","0","0"
"Honor 400 Lite 8/256GB Velvet Grey","3499000","idea","https://api.idea.uz/storage/products/May2025/oDEHSFevReG1AEDagJ5O.png","https://idea.uz/product/10871-smartfon-honor-400-lite-8-256gb-velvet-grey","0","0"
"A3 6/256 Sparkle Black","3499000","idea","https://api.idea.uz/storage/products/December2024/DwyctteuKjj719MEhLKi.png","https://idea.uz/product/8843-smartfon-oppo-a3-6-256-sparkle-black","0","0"
"Reno 12F 8/256 Matte Gray","3499000","idea","https://api.idea.uz/storage/products/December2024/GfawwkT4iZj9XIdGfqip.png","https://idea.uz/product/8845-smartfon-oppo-reno-12f-8-256-matte-gray","0","0"
"Nova 12 SE 8/256 Black","3599000","idea","https://api.idea.uz/storage/products/June2024/DBL6kvhnHUaSh4bsSBKO.png","https://idea.uz/product/7915-smartfon-huawei-nova-12-se-8-256-black","0","0"
"Nova 12 SE 8/256 White","3599000","idea","https://api.idea.uz/storage/products/June2024/RTv7Ikqyv0E4hxEMtuqa.png","https://idea.uz/product/7916-smartfon-huawei-nova-12-se-8-256-white","0","0"
"Honor X8d 8/256 Velvet Black","3699000","idea","https://api.idea.uz/storage/products/February2026/tvSMmvmvSFfpEWxaD3zg.png","https://idea.uz/product/11560-smartfon-honor-x8d-8-256-velvet-black","0","0"
"Honor 200 Lite 8/256GB Cyan Lake","3699000","idea","https://api.idea.uz/storage/products/May2024/miYDuW0l5zKR3eX6B3cZ.png","https://idea.uz/product/7738-smartfon-honor-200-lite-8-256gb-cyan-lake","0","0"
"Honor 200 Lite 8/256GB Stary Blue","3699000","idea","https://api.idea.uz/storage/products/May2024/MQdbQPfCNgH0XYHLYEfh.png","https://idea.uz/product/7739-smartfon-honor-200-lite-8-256gb-stary-blue","0","0"
"X7 5G 8/256 Silver","3699000","idea","https://api.idea.uz/storage/products/May2025/FMDBh8owcI0kAVxKSSL6.png","https://idea.uz/product/10850-smartfon-xiaomi-poco-x7-5g-8-256-silver","0","0"
"X7 5G 8/256 Black","3699000","idea","https://api.idea.uz/storage/products/September2025/u7mtsI4UP0IaYfkE6V7V.png","https://idea.uz/product/10680-xiaomi-poco-x7-5g-8-256-black","0","0"
"X7 5G 8/256 Green","3699000","idea","https://api.idea.uz/storage/products/January2025/8lEawq1LwDd3WDZZlv1j.jpg","https://idea.uz/product/10480-smartfon-xiaomi-poco-x7-5g-8-256-green","0","0"
"Redmi Note 15 Pro 8/256 Black","3799000","idea","https://api.idea.uz/storage/products/January2026/ugcLPKw5Vh3ENk94vk7o.png","https://idea.uz/product/11529-smartfon-redmi-note-15-pro-8-256-black","0","0"
"Redmi Note 15 Pro 8/256 Titanium","3799000","idea","https://api.idea.uz/storage/products/January2026/f7rsUSeCa5uD1aJ9SPLe.png","https://idea.uz/product/11530-smartfon-redmi-note-15-pro-8-256-titanium","0","0"
"Nova 11 8/256 Black","3990000","idea","https://api.idea.uz/storage/products/September2023/4hDqOWFWaJqWWYHL0vJq.png","https://idea.uz/product/6621-smartfon-huawei-nova-11-8-256-black","0","0"
"Reno 12F 8/512 Amber Orange","3999000","idea","https://api.idea.uz/storage/products/July2025/a6E4hebGh9614tXZMbrH.png","https://idea.uz/product/11070-smartfon-oppo-reno-12f-8-512-amber-orange","0","0"
"Reno 12F 8/512 Matte Grey","3999000","idea","https://api.idea.uz/storage/products/September2025/RAVphhFgaCXcNTQfna71.png","https://idea.uz/product/11259-smartfon-oppo-reno-12f-8-512-matte-grey","0","0"
"Honor X9c 8/256 Titanium Black","4199000","idea","https://api.idea.uz/storage/products/November2024/DPilpmOUDMyliGpnvATJ.png","https://idea.uz/product/8986-smartfon-honor-x9c-8-256-titanium-black","0","0"
"Honor X9c 8/256 Jade Cyan","4199000","idea","https://api.idea.uz/storage/products/November2024/D14RFXMcX7LbgnTO9ag9.png","https://idea.uz/product/8988-smartfon-honor-x9c-8-256-jade-cyan","0","0"
"X7 5G 12/512 Green","4299000","idea","https://api.idea.uz/storage/products/May2025/U9z1I6YMhqJUv012O3jn.png","https://idea.uz/product/10849-smartfon-xiaomi-poco-x7-5g-12-512-green","0","0"
"X7 5G 12/512 Silver","4299000","idea","https://api.idea.uz/storage/products/January2025/abBJY7t8gPR1LfjBc5B1.jpg","https://idea.uz/product/10481-smartfon-xiaomi-poco-x7-5g-12-512-silver","0","0"
"X7 5G 12/512 Black","4299000","idea","https://api.idea.uz/storage/products/January2025/1h3Hwb0ZIXQgaFqZ1ZEu.jpg","https://idea.uz/product/10482-smartfon-xiaomi-poco-x7-5g-12-512-black","0","0"
"Redmi Note 15 Pro 5G 8/256 Black","4399000","idea","https://api.idea.uz/storage/products/February2026/IIsMzqT1mL32bohPt9Qb.png","https://idea.uz/product/11590-smartfon-xiaomi-redmi-note-15-pro-5g-8-256-black","0","0"
"Redmi Note 15 Pro 5G 8/256 Titanium","4399000","idea","https://api.idea.uz/storage/products/February2026/TTAAu7ZFBSowBSfx8UKd.png","https://idea.uz/product/11591-smartfon-xiaomi-redmi-note-15-pro-5g-8-256-titanium","0","0"
"Galaxy A36 8/128gb White","4399000","idea","https://api.idea.uz/storage/products/March2025/CSSpzaLSP68oc4kKQoMf.png","https://idea.uz/product/10684-smartfon-samsung-galaxy-a36-8-128gb-white","0","0"
"Galaxy A36 8/128gb Black","4399000","idea","https://api.idea.uz/storage/products/March2025/ySEnTyBAZfX16vIMGiFP.png","https://idea.uz/product/10708-smartfon-samsung-galaxy-a36-8-128gb-black","0","0"
"OPPO A6 Pro 8/256 Stellar Blue","4399000","idea","https://api.idea.uz/storage/products/December2025/MGiIVbmaSaxcMEfrx63M.png","https://idea.uz/product/11497-smartfon-oppo-a6-pro-8-256-stellar-blue","0","0"
"OPPO A6 Pro 8/256 Lunar Titanium","4399000","idea","https://api.idea.uz/storage/products/December2025/2pFI38AyCvh53c7pmKK9.png","https://idea.uz/product/11498-smartfon-oppo-a6-pro-8-256-lunar-titanium","0","0"
"Honor X9d 8/256 Midnight Black","4499000","idea","https://api.idea.uz/storage/products/November2025/JwHtCnh2nLKKKRf4evwd.png","https://idea.uz/product/11394-smartfon-honor-x9d-8-256-midnight-black","0","0"
"Honor X9d 8/256 Reddish","4499000","idea","https://api.idea.uz/storage/products/November2025/Yx3D1Tebx7wsh3MxQ0nu.png","https://idea.uz/product/11395-smartfon-honor-x9d-8-256-reddish","0","0"
"Honor X9d 8/256 Sunrise Gold","4499000","idea","https://api.idea.uz/storage/products/November2025/sN8k42OR2RpYaTxos4eM.png","https://idea.uz/product/11396-smartfon-honor-x9d-8-256-sunrise-gold","0","0"
"Honor X9c 12/256 Jade Cyan","4599000","idea","https://api.idea.uz/storage/products/November2024/wSE4Ba0XwgvPJJ8lTfvY.png","https://idea.uz/product/8989-smartfon-honor-x9c-12-256-jade-cyan","0","0"
"X7 Pro 5G 8/256 Black","4599000","idea","https://api.idea.uz/storage/products/April2025/5SXxkBtHD1f8mT06Ovb1.png","https://idea.uz/product/10681-smartfon-xiaomi-poco-x7-pro-5g-8-256-black","0","0"
"Reno 13F 8/256 Graphite Gray","4699000","idea","https://api.idea.uz/storage/products/March2025/gIABwi2VmB3aGDvaG5h1.png","https://idea.uz/product/10577-smartfon-oppo-reno-13f-8-256-graphite-gray","0","0"
"Galaxy A36 8/256gb Black","4799000","idea","https://api.idea.uz/storage/products/March2025/AjO7fPsU3bfQA7CKbn0b.png","https://idea.uz/product/10685-smartfon-samsung-galaxy-a36-8-256gb-black","0","0"
"Galaxy A36 8/256gb White","4799000","idea","https://api.idea.uz/storage/products/March2025/QpBzcoJFvOtlU70WgrxI.png","https://idea.uz/product/10709-smartfon-samsung-galaxy-a36-8-256gb-white","0","0"
"Honor X9d 12/256 Midnight Black","4899000","idea","https://api.idea.uz/storage/products/November2025/P0BvJ2puvNDpVgGKwXuh.png","https://idea.uz/product/11397-smartfon-honor-x9d-12-256-midnight-black","0","0"
"Honor X9d 12/256 Sunrise Gold","4899000","idea","https://api.idea.uz/storage/products/November2025/QD9tn421VhT3dXhM1ycX.png","https://idea.uz/product/11398-smartfon-honor-x9d-12-256-sunrise-gold","0","0"
"Honor 400 8/256 Midnight Black","5099000","idea","https://api.idea.uz/storage/products/July2025/4e3ooGbGJPAV3L2KNxVa.png","https://idea.uz/product/11028-smartfon-honor-400-8-256-midnight-black","0","0"
"Honor 400 8/256 Desert Gold","5099000","idea","https://api.idea.uz/storage/products/July2025/CDUU9G9bDTvq73ACdQuD.png","https://idea.uz/product/11029-smartfon-honor-400-8-256-desert-gold","0","0"
"Galaxy A56 8/128gb Gray","5099000","idea","https://api.idea.uz/storage/products/March2025/JAYjXJLsKPheeTnJoQjH.png","https://idea.uz/product/10710-smartfon-samsung-galaxy-a56-8-128gb-gray","0","0"
"Galaxy A56 8/128gb Olive","5099000","idea","https://api.idea.uz/storage/products/March2025/mkEGCToz62Spa9PohG6O.png","https://idea.uz/product/10711-smartfon-samsung-galaxy-a56-8-128gb-olive","0","0"
"Redmi Note 14 Pro+ 5G 8/256 Frost Blue","5099000","idea","https://api.idea.uz/storage/products/January2025/KvpHzeaP0UIIjECjUCgV.png","https://idea.uz/product/10456-smartfon-xiaomi-redmi-note-14-pro-5g-8-256-frost-blue","0","0"
"Galaxy A56 8/128gb Graphite","5099000","idea","https://api.idea.uz/storage/products/March2025/qwkAcnkrUTCTgmYTmNMC.png","https://idea.uz/product/10712-smartfon-samsung-galaxy-a56-8-128gb-graphite","0","0"
"Redmi Note 14 Pro+ 5G 8/256 Midnight Black","5099000","idea","https://api.idea.uz/storage/products/January2025/29y6TF3cUIOqASQ6W2u2.png","https://idea.uz/product/10457-smartfon-xiaomi-redmi-note-14-pro-5g-8-256-midnight-black","0","0"
"Reno 14F 8/256 Opal Blue","5299000","idea","https://api.idea.uz/storage/products/September2025/2ecgaqp4F30g8RIkNbEb.png","https://idea.uz/product/11142-smartfon-oppo-reno-14f-8-256-opal-blue","0","0"
"Reno 14F 8/256 Luminous Green","5299000","idea","https://api.idea.uz/storage/products/September2025/kiz9IfscsgK0EX4KLidb.png","https://idea.uz/product/11143-smartfon-oppo-reno-14f-8-256-luminous-green","0","0"
"Redmi Note 15 Pro+ 8/256 Black","5499000","idea","https://api.idea.uz/storage/products/January2026/bfsO0U4V275Ry97YSofg.png","https://idea.uz/product/11543-smartfon-xiaomi-redmi-note-15-pro-8-256-black","0","0"
"Galaxy A56 8/256gb Olive","5499000","idea","https://api.idea.uz/storage/products/March2025/ylbOliCU3WyXGuQLyLI5.png","https://idea.uz/product/10713-smartfon-samsung-galaxy-a56-8-256gb-olive","0","0"
"Galaxy A56 8/256gb Gray","5499000","idea","https://api.idea.uz/storage/products/March2025/lFEziUfvBhlXjMIpBBCG.png","https://idea.uz/product/10714-smartfon-samsung-galaxy-a56-8-256gb-gray","0","0"
"Galaxy A56 8/256gb Graphite","5499000","idea","https://api.idea.uz/storage/products/March2025/i3Pq8QN1GoyoFL7BrHA6.png","https://idea.uz/product/10715-smartfon-samsung-galaxy-a56-8-256gb-graphite","0","0"
"IPHONE 13 128GB starlight","7299000","idea","https://api.idea.uz/storage/products/October2022/EntdFBbbx6BiRZoHrooO.png","https://idea.uz/product/5388-smartfon-iphone-13-128gb-starlight","0","0"
"IPHONE 13 128GB midnight","7299000","idea","https://api.idea.uz/storage/products/September2022/1zafx4Cclc0KgjHxFbRN.png","https://idea.uz/product/5163-smartfon-iphone-13-128gb-midnight","0","0"
"F7 Pro 12/256 Blue","7299000","idea","https://api.idea.uz/storage/products/May2025/qdQaO3lwUerWb8I7VP8D.png","https://idea.uz/product/10851-smartfon-xiaomi-poco-f7-pro-12-256-blue","0","0"
"F7 Pro 12/256 Silver","7299000","idea","https://api.idea.uz/storage/products/May2025/XLNIANRXO48dGYA3Ydt8.png","https://idea.uz/product/10852-smartfon-xiaomi-poco-f7-pro-12-256-silver","0","0"
"F7 Pro 12/256 Black","7299000","idea","https://api.idea.uz/storage/products/May2025/knT5wKFXdpS01l9g5MdS.png","https://idea.uz/product/10853-smartfon-xiaomi-poco-f7-pro-12-256-black","0","0"
"Honor 400 Pro 12/512 Lunar Grey","8399000","idea","https://api.idea.uz/storage/products/July2025/QMtHVcr2W9S1DPwbw67E.png","https://idea.uz/product/11030-smartfon-honor-400-pro-12-512-lunar-grey","0","0"
"Honor 400 Pro 12/512 Midnight Black","8399000","idea","https://api.idea.uz/storage/products/July2025/U3SVWBqPvVex9YVJBoOd.png","https://idea.uz/product/11031-smartfon-honor-400-pro-12-512-midnight-black","0","0"
"Reno 14 12/512 Opal White","8499000","idea","https://api.idea.uz/storage/products/September2025/7Twn1DRTemU8Sl3z8dZ5.png","https://idea.uz/product/11196-smartfon-oppo-reno-14-12-512-opal-white","0","0"
"Pura 70 12/256 Black","8599000","idea","https://api.idea.uz/storage/products/August2024/WMHd56F8cMQam38M2TDy.png","https://idea.uz/product/8488-smartfon-huawei-pura-70-12-256-black","0","0"
"Pura 70 12/256 White","8599000","idea","https://api.idea.uz/storage/products/March2025/tQCPpelSwhMecNVJqK1Y.png","https://idea.uz/product/10679-smartfon-huawei-pura-70-12-256-white","0","0"
"Galaxy S25 FE 8/128 Black","8899000","idea","https://api.idea.uz/storage/products/October2025/yY12GNy1WdlTFKjj8gfe.png","https://idea.uz/product/11266-smartfon-samsung-galaxy-s25-fe-8-128-black","0","0"
"Galaxy S25 FE 8/128 Navy","8899000","idea","https://api.idea.uz/storage/products/October2025/qg6ylN4T9TPRDIyZWoIl.png","https://idea.uz/product/11267-smartfon-samsung-galaxy-s25-fe-8-128-navy","0","0"
"Galaxy S25 12/128 Silver Shadow","10399000","idea","https://api.idea.uz/storage/products/February2025/u8S0B19rRNdc9CNVQhcV.png","https://idea.uz/product/10516-smartfon-samsung-galaxy-s25-12-128-silver-shadow","0","0"
"Galaxy S25 12/128 Jet Black (blueblack)","10399000","idea","https://api.idea.uz/storage/products/July2025/RUM1Zb2HdAFDe0L7hciA.png","https://idea.uz/product/11099-smartfon-samsung-galaxy-s25-12-128-jet-black-blueblack","0","0"
"IPHONE 15 128GB Black","10599000","idea","https://api.idea.uz/storage/products/August2024/68Ru3xtGW38UEraTYjZi.png","https://idea.uz/product/7433-smartfon-iphone-15-128gb-black","0","0"
"Iphone 15 128GB Pink","10599000","idea","https://api.idea.uz/storage/products/February2026/wQMtUjeblMqJ7ql1GdHu.png","https://idea.uz/product/11606-smartfon-apple-iphone-15-128gb-pink","0","0"
"Pura 70 Pro 12/512 Black","10999000","idea","https://api.idea.uz/storage/products/August2024/N22bk2KqIqVhESxhWenK.png","https://idea.uz/product/8486-smartfon-huawei-pura-70-pro-12-512-black","0","0"
"Iphone 16 8/128 White","11399000","idea","https://api.idea.uz/storage/products/February2026/aQLBnV6gkBXIhmdfoAQh.png","https://idea.uz/product/11541-smartfon-iphone-16-8-128-white","0","0"
"IPHONE Air 256GB Space Black","15499000","idea","https://api.idea.uz/storage/products/October2025/ZPk0tcUrYsYR1W6xCBRZ.png","https://idea.uz/product/11308-smartfon-iphone-air-256gb-space-black","0","0"
"IPHONE Air 256GB Sky Blue","15499000","idea","https://api.idea.uz/storage/products/October2025/ibU4Vq10aU8WhuxiCxdh.png","https://idea.uz/product/11310-smartfon-iphone-air-256gb-sky-blue","0","0"
"Galaxy S25 Ultra 12/256 Titanium Blue","16199000","idea","https://api.idea.uz/storage/products/January2025/Fo2jPiSSUp7JUlZTLDqI.png","https://idea.uz/product/10506-smartfon-samsung-galaxy-s25-ultra-12-256-titanium-blue","0","0"
"Galaxy S25 Ultra 12/256 Titanium Gray","16199000","idea","https://api.idea.uz/storage/products/February2025/H6D2lV7hFNHW2vfvMFCk.png","https://idea.uz/product/10517-smartfon-samsung-galaxy-s25-ultra-12-256-titanium-gray","0","0"
"Galaxy S25 Ultra 12/256 Jet Black","16199000","idea","https://api.idea.uz/storage/products/September2025/CEKiBZSBgfOM8FKYlXRh.png","https://idea.uz/product/11170-smartfon-samsung-galaxy-s25-ultra-12-256-jet-black","0","0"
"Iphone 16 Pro 8/512 White Titanium","17699000","idea","https://api.idea.uz/storage/products/February2026/5AidcRrYyITd1T5JhwkX.png","https://idea.uz/product/11569-smartfon-iphone-16-pro-8-512-white-titanium","0","0"
"IPHONE Air 1TB Cloud White","18999000","idea","https://api.idea.uz/storage/products/February2026/Pni6CtOEfhSAYOMo5l2u.png","https://idea.uz/product/11570-smartfon-iphone-air-1tb-cloud-white","0","0"
"IPHONE Air 1TB Sky Blue","18999000","idea","https://api.idea.uz/storage/products/February2026/XJOT9UnVFXib025qTVnS.png","https://idea.uz/product/11571-smartfon-iphone-air-1tb-sky-blue","0","0"
"IPHONE 17 Pro 256GB Deep Blue","19499000","idea","https://api.idea.uz/storage/products/October2025/JcA61pV5y16UAsvD2097.png","https://idea.uz/product/11341-smartfon-iphone-17-pro-256gb-deep-blue","0","0"
"Mate X6 12/512 Red","20999000","idea","https://api.idea.uz/storage/products/June2025/JerMucIGi1xSrcFU7iog.png","https://idea.uz/product/10949-smartfon-huawei-mate-x6-12-512-red","0","0"
"IPHONE 17 Pro 512GB Silver","23199000","idea","https://api.idea.uz/storage/products/February2026/cs6Mb5nIJrMmif9VSerR.png","https://idea.uz/product/11566-smartfon-iphone-17-pro-512gb-silver","0","0"
