title,actual_price,old_price,installment,url
Honor X9d 5G Red 8/256 GB,4107417,,482 000 so'm x 12 oy,https://olcha.uz/oz/product/view/honor-x9d-5g-red-8256-gb
Honor X9d 5G Red 12/256 GB,4428309,,519 000 so'm x 12 oy,https://olcha.uz/oz/product/view/honor-x9d-5g-red-12256-gb
Honor X9d 5G Gold 8/256 GB,4107417,,482 000 so'm x 12 oy,https://olcha.uz/oz/product/view/honor-x9d-5g-gold-8256-gb
Honor X9d 5G Gold 12/256 GB,4428309,,519 000 so'm x 12 oy,https://olcha.uz/oz/product/view/honor-x9d-5g-gold-12256-gb
Honor X9d 5G Black 8/256 GB,4107417,,482 000 so'm x 12 oy,https://olcha.uz/oz/product/view/honor-x9d-5g-black-8256-gb
Honor X9d 5G Black 12/256 GB,4428309,,519 000 so'm x 12 oy,https://olcha.uz/oz/product/view/honor-x9d-5g-black-12256-gb
Honor X9d 5G,4107417,,482 000 so'm x 12 oy,https://olcha.uz/oz/product/view/honor-x9d-5g
Tecno Spark GO 2 4/128 GB Black,1550000,,182 000 so'm x 12 oy,https://olcha.uz/oz/product/view/tecno-spark-go-2-4128-gb-black
Samsung Galaxy S25 Black 12/128 GB,9029000,,1 058 000 so'm x 12 oy,https://olcha.uz/oz/product/view/samsung-galaxy-s25-black-12128-gb
Xiaomi 15T Qora 12/512 GB,6469182,,758 000 so'm x 12 oy,https://olcha.uz/oz/product/view/xiaomi-15t-cernyi-12512-gb
Xiaomi 15T Qora 12/256 GB,5955755,,698 000 so'm x 12 oy,https://olcha.uz/oz/product/view/xiaomi-15t-cernyi-12256-gb
Xiaomi 15T,5955755,,698 000 so'm x 12 oy,https://olcha.uz/oz/product/view/xiaomi-15t
Samsung Galaxy S25 FE 8/256 GB Navy,9437500,,1 106 000 so'm x 12 oy,https://olcha.uz/oz/product/view/samsung-galaxy-s25-fe-8256-gb-navy
Samsung Galaxy S25 FE 8/128 GB Navy,8904167,,1 043 000 so'm x 12 oy,https://olcha.uz/oz/product/view/samsung-galaxy-s25-fe-8128-gb-navy
Samsung Galaxy S25 FE Black 8/256 GB,9437500,,1 106 000 so'm x 12 oy,https://olcha.uz/oz/product/view/samsung-galaxy-s25-fe-black-8256-gb
Samsung Galaxy S25 FE Black 8/128 GB,8904167,,1 043 000 so'm x 12 oy,https://olcha.uz/oz/product/view/samsung-galaxy-s25-fe-black-8128-gb
Samsung Galaxy S25 FE,8904167,,1 043 000 so'm x 12 oy,https://olcha.uz/oz/product/view/samsung-galaxy-s25-fe
Honor 400 Pro 12/512GB Lunar Grey,7701400,,902 000 so'm x 12 oy,https://olcha.uz/oz/product/view/honor-400-pro-12512gb-lunar-grey
Honor 400 Pro 12/512GB Midnight Black,7701400,,902 000 so'm x 12 oy,https://olcha.uz/oz/product/view/honor-400-pro-12512gb-midnight-black
Honor X5c Plus Black,1425000,,167 000 so'm x 12 oy,https://olcha.uz/oz/product/view/honor-x5c-plus-black
Honor X5c Plus,1425000,,167 000 so'm x 12 oy,https://olcha.uz/oz/product/view/honor-x5c-plus
Honor X7d Gold 8/256 GB,2310422,,271 000 so'm x 12 oy,https://olcha.uz/oz/product/view/honor-x7d-gold-8256-gb
Honor X7d Gold 6/128 GB,1925352,,226 000 so'm x 12 oy,https://olcha.uz/oz/product/view/honor-x7d-gold-6128-gb
Honor X7d Silver 8/256 GB,2310422,,271 000 so'm x 12 oy,https://olcha.uz/oz/product/view/honor-x7d-silver-8256-gb
Honor X7d Silver 6/128 GB,1925352,,226 000 so'm x 12 oy,https://olcha.uz/oz/product/view/honor-x7d-silver-6128-gb
Honor X7d Black 8/256 GB,2310422,,271 000 so'm x 12 oy,https://olcha.uz/oz/product/view/honor-x7d-black-8256-gb
Honor X7d Black 6/128 GB,1925352,,226 000 so'm x 12 oy,https://olcha.uz/oz/product/view/honor-x7d-black-6128-gb
Honor X7d,1925352,,226 000 so'm x 12 oy,https://olcha.uz/oz/product/view/honor-x7d
Huawei Nova Y63 4/128GB Silver,1680000,,197 000 so'm x 12 oy,https://olcha.uz/oz/product/view/huawei-nova-y63-4128gb-silver
Huawei Nova Y63 4/128GB Black,1680000,,197 000 so'm x 12 oy,https://olcha.uz/oz/product/view/huawei-nova-y63-4128gb-black
Huawei Nova Y63 4/128GB,1680000,,197 000 so'm x 12 oy,https://olcha.uz/oz/product/view/huawei-nova-y63-4128gb
Xiaomi Redmi 15C Orange 4/256GB,1910000,,224 000 so'm x 12 oy,https://olcha.uz/oz/product/view/xiaomi-redmi-15c-orange-4256gb
Xiaomi Redmi 15C Orange 8/256 GB,1850000,,217 000 so'm x 12 oy,https://olcha.uz/oz/product/view/xiaomi-redmi-15c-orange-8256-gb
Xiaomi Redmi 15C Orange 6/128 GB,2032000,,238 000 so'm x 12 oy,https://olcha.uz/oz/product/view/xiaomi-redmi-15c-orange-4128-gb
Xiaomi Redmi 15C Orange 4/128 GB,1520000,,179 000 so'm x 12 oy,https://olcha.uz/oz/product/view/xiaomi-redmi-15c-orange-8128-gb
Xiaomi Redmi 15C Green 4/256GB,1604460,,188 000 so'm x 12 oy,https://olcha.uz/oz/product/view/xiaomi-redmi-15c-green-4256gb
Xiaomi Redmi 15C Green 8/256 GB,1850000,,217 000 so'm x 12 oy,https://olcha.uz/oz/product/view/xiaomi-redmi-15c-green-8256-gb
Xiaomi Redmi 15C Green 6/128 GB,1770000,,208 000 so'm x 12 oy,https://olcha.uz/oz/product/view/xiaomi-redmi-15c-green-4128-gb
Xiaomi Redmi 15C Green 4/128 GB,1401624,,165 000 so'm x 12 oy,https://olcha.uz/oz/product/view/xiaomi-redmi-15c-green-8128-gb
Xiaomi Redmi 15C Blue 4/256GB,1604460,,188 000 so'm x 12 oy,https://olcha.uz/oz/product/view/xiaomi-redmi-15c-blue-4256gb
Xiaomi Redmi 15C Blue 8/256 GB,1850000,,217 000 so'm x 12 oy,https://olcha.uz/oz/product/view/xiaomi-redmi-15c-blue-8256-gb
Xiaomi Redmi 15C Blue 4/128 GB,1401624,,165 000 so'm x 12 oy,https://olcha.uz/oz/product/view/xiaomi-redmi-15c-blue-4128-gb
Xiaomi Redmi 15C Blue 6/128 GB,1770000,,208 000 so'm x 12 oy,https://olcha.uz/oz/product/view/xiaomi-redmi-15c-blue-8128-gb
Xiaomi Redmi 15C Midnight Black 6/128 GB,1514610,,178 000 so'm x 12 oy,https://olcha.uz/oz/product/view/xiaomi-redmi-15c-midnight-black-8128-gb
Xiaomi Redmi 15C Midnight Black 4/256GB,1604460,,188 000 so'm x 12 oy,https://olcha.uz/oz/product/view/xiaomi-redmi-15c-midnight-black-4256gb
Samsung Galaxy A17 Gray 8/256 GB,2760000,3460000,324 000 so'm x 12 oy,https://olcha.uz/oz/product/view/samsung-galaxy-a17-gray-8256-gb
Samsung Galaxy A17 Gray 6/128 GB,2199000,,258 000 so'm x 12 oy,https://olcha.uz/oz/product/view/samsung-galaxy-a17-gray-6128-gb
Samsung Galaxy A17 Light Blue 8/256 GB,2760000,3460000,324 000 so'm x 12 oy,https://olcha.uz/oz/product/view/samsung-galaxy-a17-light-blue-8256-gb
Samsung Galaxy A17 Light Blue 6/128 GB,2199000,,258 000 so'm x 12 oy,https://olcha.uz/oz/product/view/samsung-galaxy-a17-light-blue-6128-gb
Samsung Galaxy A17 Black 8/256 GB,2760000,3460000,324 000 so'm x 12 oy,https://olcha.uz/oz/product/view/samsung-galaxy-a17-black-8256-gb
Samsung Galaxy A17 Black 6/128 GB,2199000,,258 000 so'm x 12 oy,https://olcha.uz/oz/product/view/samsung-galaxy-a17-black-6128-gb
Samsung Galaxy A17,2199000,,258 000 so'm x 12 oy,https://olcha.uz/oz/product/view/samsung-galaxy-a17
iPhone 17 Pro Max Cosmic Orange 2 TB,42635000,,4 993 000 so'm x 12 oy,https://olcha.uz/oz/product/view/iphone-17-pro-max-cosmic-orange-2-tb
iPhone 17 Pro Max Cosmic Orange 1 TB,35217000,,4 125 000 so'm x 12 oy,https://olcha.uz/oz/product/view/iphone-17-pro-max-cosmic-orange-1-tb
iPhone 17 Pro Max Cosmic Orange 512 GB,26600000,,3 116 000 so'm x 12 oy,https://olcha.uz/oz/product/view/iphone-17-pro-max-cosmic-orange-512-gb
iPhone 17 Pro Max Cosmic Orange 256 GB,22317000,,2 614 000 so'm x 12 oy,https://olcha.uz/oz/product/view/iphone-17-pro-max-cosmic-orange-256-gb
iPhone 17 Pro Max Deep Blue 2 TB,42635000,,4 993 000 so'm x 12 oy,https://olcha.uz/oz/product/view/iphone-17-pro-max-deep-blue-2-tb
iPhone 17 Pro Max Deep Blue 1 TB,35217000,,4 125 000 so'm x 12 oy,https://olcha.uz/oz/product/view/iphone-17-pro-max-deep-blue-1-tb
iPhone 17 Pro Max Deep Blue 512 GB,26600000,,3 116 000 so'm x 12 oy,https://olcha.uz/oz/product/view/iphone-17-pro-max-deep-blue-512-gb
iPhone 17 Pro Max Deep Blue 256 GB,22317000,,2 614 000 so'm x 12 oy,https://olcha.uz/oz/product/view/iphone-17-pro-max-deep-blue-256-gb
iPhone 17 Pro Max Silver 2 TB,42635000,,4 993 000 so'm x 12 oy,https://olcha.uz/oz/product/view/iphone-17-pro-max-silver-2-tb
iPhone 17 Pro Max Silver 1 TB,35217000,,4 125 000 so'm x 12 oy,https://olcha.uz/oz/product/view/iphone-17-pro-max-silver-1-tb
iPhone 17 Pro Max Silver 512 GB,26600000,,3 116 000 so'm x 12 oy,https://olcha.uz/oz/product/view/iphone-17-pro-max-silver-512-gb
iPhone 17 Pro Max Silver 256 GB,22317000,,2 614 000 so'm x 12 oy,https://olcha.uz/oz/product/view/iphone-17-pro-max-silver-256-gb
iPhone 17 Pro Max,22317000,,2 614 000 so'm x 12 oy,https://olcha.uz/oz/product/view/iphone-17-pro-max
Huawei Pura 70 Pink 12/256 GB,7749000,,908 000 so'm x 12 oy,https://olcha.uz/oz/product/view/huawei-pura-70-pink
Huawei Pura 70 White 12/256 GB,7749000,,908 000 so'm x 12 oy,https://olcha.uz/oz/product/view/huawei-pura-70-white
Huawei Pura 70 Black 12/256 GB,7749000,,908 000 so'm x 12 oy,https://olcha.uz/oz/product/view/huawei-pura-70-black
Huawei nova 12i 8/128GB Black,1698000,,199 000 so'm x 12 oy,https://olcha.uz/oz/product/view/huawei-nova-12i-8128gb-black
Honor X6c Green 6/256 GB,1796995,,211 000 so'm x 12 oy,https://olcha.uz/oz/product/view/honor-x6c-green-6256-gb
Honor X6c Green 6/128 GB,1540281,,181 000 so'm x 12 oy,https://olcha.uz/oz/product/view/honor-x6c-green-6128-gb
Honor X6c Black 6/256 GB,1796995,,211 000 so'm x 12 oy,https://olcha.uz/oz/product/view/honor-x6c-black-6256-gb
Honor X6c Black 6/128 GB,1500000,,176 000 so'm x 12 oy,https://olcha.uz/oz/product/view/honor-x6c-black-6128-gb
Honor X6c,1500000,,176 000 so'm x 12 oy,https://olcha.uz/oz/product/view/honor-x6c
Honor X7c Forest Green 8/512 GB,2641800,,310 000 so'm x 12 oy,https://olcha.uz/oz/product/view/honor-x7c-forest-green-8512-gb
Honor X7c Forest Green 8/256 GB,2504000,,294 000 so'm x 12 oy,https://olcha.uz/oz/product/view/honor-x7c-forest-green-8256-gb
Honor X7c Forest Green 6/128 GB,1920000,,225 000 so'm x 12 oy,https://olcha.uz/oz/product/view/honor-x7c-forest-green-6128-gb
Honor X7c Moonlight White 8/512 GB,2641800,,310 000 so'm x 12 oy,https://olcha.uz/oz/product/view/honor-x7c-moonlight-white-8512-gb-1
Honor X7c Midnight Black 6/128 GB,1920000,,225 000 so'm x 12 oy,https://olcha.uz/oz/product/view/honor-x7c-midnight-black-6128-gb
Honor X7c Moonlight White 8/512 GB,2641800,,310 000 so'm x 12 oy,https://olcha.uz/oz/product/view/honor-x7c-moonlight-white-8512-gb
Honor X7c Moonlight White 6/128 GB,1920000,,225 000 so'm x 12 oy,https://olcha.uz/oz/product/view/honor-x7c-moonlight-white-6128-gb
Honor 400 Midnight Black 12/256 GB,5120000,,600 000 so'm x 12 oy,https://olcha.uz/oz/product/view/honor-400-midnight-black-12256-gb
Honor 400 Gold 12/512 GB,5632000,,660 000 so'm x 12 oy,https://olcha.uz/oz/product/view/honor-400-gold-12512-gb
Honor 400 Gold 12/256 GB,4736000,,555 000 so'm x 12 oy,https://olcha.uz/oz/product/view/honor-400-gold-12256-gb
Honor 400,4736000,,555 000 so'm x 12 oy,https://olcha.uz/oz/product/view/honor-400
Honor 400 Pro 12/512GB,7701400,,902 000 so'm x 12 oy,https://olcha.uz/oz/product/view/honor-400-pro
Xiaomi Redmi 15C Midnight Black 8/256 GB,1758488,,206 000 so'm x 12 oy,https://olcha.uz/oz/product/view/xiaomi-redmi-15c-8256-gb
Xiaomi Redmi 15C Midnight Black 4/128 GB,1401624,,165 000 so'm x 12 oy,https://olcha.uz/oz/product/view/xiaomi-redmi-15c-4128-gb
Xiaomi Redmi 15C,1401624,,165 000 so'm x 12 oy,https://olcha.uz/oz/product/view/xiaomi-redmi-15c
Xiaomi Redmi 15 8/256 GB Titan Gray,2066544,,243 000 so'm x 12 oy,https://olcha.uz/oz/product/view/xiaomi-redmi-15-8256-gb-titan-gray
Xiaomi Redmi 15 6/128 GB Titan Gray,1835502,,216 000 so'm x 12 oy,https://olcha.uz/oz/product/view/xiaomi-redmi-15-6128-gb-titan-gray
Xiaomi Redmi 15 8/128 GB Titan Gray,2163000,,254 000 so'm x 12 oy,https://olcha.uz/oz/product/view/xiaomi-redmi-15-8128-gb-titan-gray
Xiaomi Redmi 15 Midnight Black 8/256 GB,2066544,,243 000 so'm x 12 oy,https://olcha.uz/oz/product/view/xiaomi-redmi-15-midnight-black-8256-gb
Xiaomi Redmi 15 Midnight Black 6/128 GB,1835502,,216 000 so'm x 12 oy,https://olcha.uz/oz/product/view/xiaomi-redmi-15-midnight-black-6128-gb
Xiaomi Redmi 15 Midnight Black 8/128 GB,1951023,,229 000 so'm x 12 oy,https://olcha.uz/oz/product/view/xiaomi-redmi-15-midnight-black-8128-gb
Xiaomi Redmi 15 Purple 8/256 GB,2066544,,243 000 so'm x 12 oy,https://olcha.uz/oz/product/view/xiaomi-redmi-15-purple-8256-gb
Xiaomi Redmi 15 Purple 6/128 GB,1835502,,216 000 so'm x 12 oy,https://olcha.uz/oz/product/view/xiaomi-redmi-15-purple-6128-gb
Xiaomi Redmi 15 Purple 8/128 GB,2163000,,254 000 so'm x 12 oy,https://olcha.uz/oz/product/view/xiaomi-redmi-15-purple-8128-gb
Xiaomi Redmi 15,1835502,,216 000 so'm x 12 oy,https://olcha.uz/oz/product/view/xiaomi-redmi-15
Samsung Galaxy A07 Violet 6/128 GB,1604460,,188 000 so'm x 12 oy,https://olcha.uz/oz/product/view/samsung-galaxy-a07-violet-6128-gb
Samsung Galaxy A07 Violet 4/128 GB,1793000,,210 000 so'm x 12 oy,https://olcha.uz/oz/product/view/samsung-galaxy-a07-violet-4128-gb
Samsung Galaxy A07 Green 6/128 GB,1756000,,206 000 so'm x 12 oy,https://olcha.uz/oz/product/view/samsung-galaxy-a07-green-6128-gb
Samsung Galaxy A07 Green 4/128 GB,1501000,,176 000 so'm x 12 oy,https://olcha.uz/oz/product/view/samsung-galaxy-a07-green-4128-gb
Samsung Galaxy A07 Black 6/128 GB,1604460,,188 000 so'm x 12 oy,https://olcha.uz/oz/product/view/samsung-galaxy-a07-black-6128-gb
Samsung Galaxy A07 Black 4/128 GB,1501000,,176 000 so'm x 12 oy,https://olcha.uz/oz/product/view/samsung-galaxy-a07-black-4128-gb
Samsung Galaxy A07,1501000,,176 000 so'm x 12 oy,https://olcha.uz/oz/product/view/samsung-galaxy-a07
Honor 400 Lite Yashil 8/256 GB,3208000,,376 000 so'm x 12 oy,https://olcha.uz/oz/product/view/honor-400-lite-zelenyi-8256-gb
Honor 400 Lite Kulrang 8/256 GB,3208000,,376 000 so'm x 12 oy,https://olcha.uz/oz/product/view/honor-400-lite-seryi-8256-gb
Honor 400 Lite Qora 8/256 GB,3208000,,376 000 so'm x 12 oy,https://olcha.uz/oz/product/view/honor-400-lite-cernyi-8256-gb
Honor 400 Lite,3208000,,376 000 so'm x 12 oy,https://olcha.uz/oz/product/view/honor-400-lite
Huawei Mate XT Red 16/1 TB,39470000,,4 623 000 so'm x 12 oy,https://olcha.uz/oz/product/view/huawei-mate-xt-red-161-tb
Huawei Mate XT Black 16/1 TB,39470000,,4 623 000 so'm x 12 oy,https://olcha.uz/oz/product/view/huawei-mate-xt-black-161-tb
Huawei Mate XT,39470000,,4 623 000 so'm x 12 oy,https://olcha.uz/oz/product/view/huawei-mate-xt
Xiaomi Redmi A5 Lake Green 4/128 GB,1129539,,133 000 so'm x 12 oy,https://olcha.uz/oz/product/view/xiaomi-redmi-a5-lake-green-4128-gb
Xiaomi Redmi A5 Ocean Blue 4/128 GB,1129539,,133 000 so'm x 12 oy,https://olcha.uz/oz/product/view/xiaomi-redmi-a5-ocean-blue-4128-gb
Xiaomi Redmi A5 Midnight Black 4/128 GB,1129539,,133 000 so'm x 12 oy,https://olcha.uz/oz/product/view/xiaomi-redmi-a5-midnight-black-4128-gb
Xiaomi Redmi A5 Lake Green 3/64 GB,962676,,113 000 so'm x 12 oy,https://olcha.uz/oz/product/view/xiaomi-redmi-a5-lake-green-364-gb
Xiaomi Redmi A5 Ocean Blue 3/64 GB,962676,,113 000 so'm x 12 oy,https://olcha.uz/oz/product/view/xiaomi-redmi-a5-ocean-blue-364-gb
Xiaomi Redmi A5 Midnight Black 3/64 GB,962676,,113 000 so'm x 12 oy,https://olcha.uz/oz/product/view/xiaomi-redmi-a5-midnight-black-364-gb
Xiaomi Redmi A5,962676,,113 000 so'm x 12 oy,https://olcha.uz/oz/product/view/xiaomi-redmi-a5
Xiaomi Redmi Note 14s 8/256 GB Aurora purple,2733999,,321 000 so'm x 12 oy,https://olcha.uz/oz/product/view/xiaomi-redmi-note-14s-8256-gb-aurora-purple
Xiaomi Redmi Note 14s Ocean Blue 8/256 GB,2904167,,341 000 so'm x 12 oy,https://olcha.uz/oz/product/view/xiaomi-redmi-note-14s-ocean-blue-8256-gb
Xiaomi Redmi Note 14s Midnight Black 8/256 GB,2904167,,341 000 so'm x 12 oy,https://olcha.uz/oz/product/view/xiaomi-redmi-note-14s-midnight-black-8256-gb
Xiaomi Redmi Note 14s 8/128 GB Aurora purple,2605643,,306 000 so'm x 12 oy,https://olcha.uz/oz/product/view/xiaomi-redmi-note-14s-8128-gb-aurora-purple
Xiaomi Redmi Note 14s Ocean Blue 8/128 GB,3298500,,387 000 so'm x 12 oy,https://olcha.uz/oz/product/view/xiaomi-redmi-note-14s-ocean-blue-8128-gb
Xiaomi Redmi Note 14s Midnight Black 8/128 GB,3298500,,387 000 so'm x 12 oy,https://olcha.uz/oz/product/view/xiaomi-redmi-note-14s-midnight-black-8128-gb
Xiaomi Redmi Note 14s,2605643,,306 000 so'm x 12 oy,https://olcha.uz/oz/product/view/xiaomi-redmi-note-14s
Xiaomi 15 12/512 GB Liquid Silver,10900900,,1 277 000 so'm x 12 oy,https://olcha.uz/oz/product/view/xiaomi-15-12512-gb-liquid-silver
Xiaomi 15 White 12/512 GB,10900900,,1 277 000 so'm x 12 oy,https://olcha.uz/oz/product/view/xiaomi-15-white-12512-gb
Xiaomi 15 Green 12/512 GB,10900900,,1 277 000 so'm x 12 oy,https://olcha.uz/oz/product/view/xiaomi-15-green-12512-gb
Xiaomi 15 Black 12/512 GB,10900900,,1 277 000 so'm x 12 oy,https://olcha.uz/oz/product/view/xiaomi-15-black-12512-gb
Xiaomi 15 12/256 GB Liquid Silver,11172000,,1 309 000 so'm x 12 oy,https://olcha.uz/oz/product/view/xiaomi-15-12256-gb-liquid-silver
Xiaomi 15 White 12/256 GB,11172000,,1 309 000 so'm x 12 oy,https://olcha.uz/oz/product/view/xiaomi-15-white-12256-gb
Xiaomi 15 Green 12/256 GB,11172000,,1 309 000 so'm x 12 oy,https://olcha.uz/oz/product/view/xiaomi-15-green-12256-gb
Xiaomi 15 Black 12/256 GB,11172000,,1 309 000 so'm x 12 oy,https://olcha.uz/oz/product/view/xiaomi-15-black-12256-gb
Xiaomi 15 Ultra White 16/512 GB,16200000,,1 898 000 so'm x 12 oy,https://olcha.uz/oz/product/view/xiaomi-15-ultra-white-16512-gb
Xiaomi 15 Ultra Black 16/512 GB,16200000,,1 898 000 so'm x 12 oy,https://olcha.uz/oz/product/view/xiaomi-15-ultra-black-16512-gb
Xiaomi 15 Ultra,16200000,,1 898 000 so'm x 12 oy,https://olcha.uz/oz/product/view/xiaomi-15-ultra
Xiaomi 15,10900900,,1 277 000 so'm x 12 oy,https://olcha.uz/oz/product/view/xiaomi-15
Samsung Galaxy A26 5G Mint 8/256 GB,3800736,,446 000 so'm x 12 oy,https://olcha.uz/oz/product/view/samsung-galaxy-a26-5g-mint-8256-gb
Samsung Galaxy A26 5G White 8/256 GB,3800736,,446 000 so'm x 12 oy,https://olcha.uz/oz/product/view/samsung-galaxy-a26-5g-white-8256-gb
Samsung Galaxy A26 5G Black 8/256 GB,3800736,,446 000 so'm x 12 oy,https://olcha.uz/oz/product/view/samsung-galaxy-a26-5g-black-8256-gb
Samsung Galaxy A26 5G Mint 6/128 GB,3055000,,358 000 so'm x 12 oy,https://olcha.uz/oz/product/view/samsung-galaxy-a26-5g-mint-6128-gb
Samsung Galaxy A26 5G White 6/128 GB,3055000,,358 000 so'm x 12 oy,https://olcha.uz/oz/product/view/samsung-galaxy-a26-5g-white-6128-gb
Samsung Galaxy A26 5G Black 6/128 GB,3055000,,358 000 so'm x 12 oy,https://olcha.uz/oz/product/view/samsung-galaxy-a26-5g-black-6128-gb
Samsung Galaxy A26 5G,3055000,,358 000 so'm x 12 oy,https://olcha.uz/oz/product/view/samsung-galaxy-a26-5g
Xiaomi Redmi Pad Pro 5G 8/256 GB Mint Green,4700000,,551 000 so'm x 12 oy,https://olcha.uz/oz/product/view/xiaomi-redmi-pad-pro-5g-8256-gb-mint-green
Xiaomi Redmi Pad Pro 5G 6/128 GB Mint Green,3993150,,468 000 so'm x 12 oy,https://olcha.uz/oz/product/view/xiaomi-redmi-pad-pro-5g-6128-gb-mint-green
Xiaomi Redmi Pad Pro 5G 8/256 GB Graphite Gray,4700000,,551 000 so'm x 12 oy,https://olcha.uz/oz/product/view/xiaomi-redmi-pad-pro-5g-8256-gb-graphite-gray
Xiaomi Redmi Pad Pro 5G 6/128 GB Graphite Gray,3993150,,468 000 so'm x 12 oy,https://olcha.uz/oz/product/view/xiaomi-redmi-pad-pro-5g-6128-gb-graphite-gray
Xiaomi Redmi Pad Pro 5G,3993150,,468 000 so'm x 12 oy,https://olcha.uz/oz/product/view/xiaomi-redmi-pad-pro-5g
POCO X7 5G Silver 8/256 GB,3850000,,451 000 so'm x 12 oy,https://olcha.uz/oz/product/view/poco-x7-5g-silver-8256-gb
POCO X7 5G Green 8/256 GB,3850350,,451 000 so'm x 12 oy,https://olcha.uz/oz/product/view/poco-x7-5g-green-8256-gb
POCO X7 5G Black 8/256 GB,3850350,,451 000 so'm x 12 oy,https://olcha.uz/oz/product/view/poco-x7-5g-black-8256-gb
POCO X7 5G,3850000,,451 000 so'm x 12 oy,https://olcha.uz/oz/product/view/poco-x7-5g
Xiaomi Poco X7 Pro Yellow 12/512 GB,5628000,,660 000 so'm x 12 oy,https://olcha.uz/oz/product/view/xiaomi-poco-x7-pro-yellow-12512-gb
Xiaomi Poco X7 Pro Green 12/512 GB,5628000,,660 000 so'm x 12 oy,https://olcha.uz/oz/product/view/xiaomi-poco-x7-pro-green-12512-gb
Xiaomi Poco X7 Pro Black 12/512 GB,5627000,,659 000 so'm x 12 oy,https://olcha.uz/oz/product/view/xiaomi-poco-x7-pro-black-12512-gb
Xiaomi Poco X7 Pro Yellow 12/256 GB,5130300,,601 000 so'm x 12 oy,https://olcha.uz/oz/product/view/xiaomi-poco-x7-pro-yellow-12256-gb
Xiaomi Poco X7 Pro Green 12/256 GB,5130300,,601 000 so'm x 12 oy,https://olcha.uz/oz/product/view/xiaomi-poco-x7-pro-green-12256-gb
Xiaomi Poco X7 Pro Black 12/256 GB,5130300,,601 000 so'm x 12 oy,https://olcha.uz/oz/product/view/xiaomi-poco-x7-pro-black-12256-gb
Xiaomi Poco X7 Pro Yellow 8/256 GB,4774350,,560 000 so'm x 12 oy,https://olcha.uz/oz/product/view/xiaomi-poco-x7-pro-yellow
Xiaomi Poco X7 Pro Green 8/256 GB,4774350,,560 000 so'm x 12 oy,https://olcha.uz/oz/product/view/xiaomi-poco-x7-pro-green
Xiaomi Poco X7 Pro Black 8/256 GB,4774350,,560 000 so'm x 12 oy,https://olcha.uz/oz/product/view/xiaomi-poco-x7-pro-black
Xiaomi Poco X7 Pro,4774350,,560 000 so'm x 12 oy,https://olcha.uz/oz/product/view/xiaomi-poco-x7-pro
Samsung Galaxy A36 5G 8/256 GB Black,4399000,,516 000 so'm x 12 oy,https://olcha.uz/oz/product/view/samsung-galaxy-a36-5g-8256-gb-awsome-black
Samsung Galaxy A36 5G 8/256 GB White,4599000,,539 000 so'm x 12 oy,https://olcha.uz/oz/product/view/samsung-galaxy-a36-5g-8256-gb-awsome-white
Samsung Galaxy A36 5G 8/256 GB Lavender,4599000,,539 000 so'm x 12 oy,https://olcha.uz/oz/product/view/samsung-galaxy-a36-5g-8256-gb-awsome-lavender
Samsung Galaxy A36 5G 8/128 GB Black,4049000,,475 000 so'm x 12 oy,https://olcha.uz/oz/product/view/samsung-galaxy-a36-5g-8128-gb-awsome-black
Samsung Galaxy A36 5G 8/128 GB White,4119900,,483 000 so'm x 12 oy,https://olcha.uz/oz/product/view/samsung-galaxy-a36-5g-8128-gb-awsome-white
Samsung Galaxy A36 5G 8/128 GB Lavender,4119900,,483 000 so'm x 12 oy,https://olcha.uz/oz/product/view/samsung-galaxy-a36-5g-8128-gb-awsome-lavender
Samsung Galaxy A36 5G,4049000,,475 000 so'm x 12 oy,https://olcha.uz/oz/product/view/samsung-galaxy-a36-5g
Samsung Galaxy A56 5G 8/256 GB Lightgray,4845000,,568 000 so'm x 12 oy,https://olcha.uz/oz/product/view/samsung-galaxy-a56-5g-8256-gb-awesome-lightgray
Samsung Galaxy A56 5G 8/256 GB Graphite,4845000,,568 000 so'm x 12 oy,https://olcha.uz/oz/product/view/samsung-galaxy-a56-5g-8256-gb-awesome-graphite
Samsung Galaxy A56 5G 8/256 GB Olive,5099000,,598 000 so'm x 12 oy,https://olcha.uz/oz/product/view/samsung-galaxy-a56-5g-8256-gb-awesome-olive
Samsung Galaxy A56 5G 8/128 GB Lightgray,4505000,,528 000 so'm x 12 oy,https://olcha.uz/oz/product/view/samsung-galaxy-a56-5g-8128-gb-awesome-lightgray
Samsung Galaxy A56 5G 8/128 GB Graphite,4505000,,528 000 so'm x 12 oy,https://olcha.uz/oz/product/view/samsung-galaxy-a56-5g-8128-gb-awesome-graphite
Samsung Galaxy A56 5G 8/128 GB Olive,4550000,,533 000 so'm x 12 oy,https://olcha.uz/oz/product/view/samsung-galaxy-a56-5g-8128-gb-awesome-olive
Samsung Galaxy A56 5G,4505000,,528 000 so'm x 12 oy,https://olcha.uz/oz/product/view/samsung-galaxy-a56-5g
Tecno SPARK GO 1 White 3/64 GB,1129900,,133 000 so'm x 12 oy,https://olcha.uz/oz/product/view/tecno-spark-go-1-white-364-gb-1
Tecno Spark 30 Pro White 8/128 GB,2288730,,269 000 so'm x 12 oy,https://olcha.uz/oz/product/view/tecno-spark-30-pro-white-8128-gb
Tecno Spark 30 Pro Black 8/128 GB,2288730,,269 000 so'm x 12 oy,https://olcha.uz/oz/product/view/tecno-spark-30-pro-black-8128-gb
Tecno Spark 30 Pro,2288730,,269 000 so'm x 12 oy,https://olcha.uz/oz/product/view/tecno-spark-30-pro
Honor X8c 8/256 GB Marrs Green,2888028,,339 000 so'm x 12 oy,https://olcha.uz/oz/product/view/honor-x8c-8256-gb-marrs-green
Honor X8c 6/128 GB Marrs Green,2624000,,308 000 so'm x 12 oy,https://olcha.uz/oz/product/view/honor-x8c-6128-gb-marrs-green
Honor X8c 8/128 GB Marrs Green,2623900,,308 000 so'm x 12 oy,https://olcha.uz/oz/product/view/honor-x8c-8128-gb-marrs-green
Honor X8c 8/256 GB Cloud Purple,3010000,,353 000 so'm x 12 oy,https://olcha.uz/oz/product/view/honor-x8c-8256-gb-cloud-purple
Honor X8c 8/128 GB Cloud Purple,2997750,,352 000 so'm x 12 oy,https://olcha.uz/oz/product/view/honor-x8c-8128-gb-cloud-purple
Honor X8c Midnight Black 8/256 GB,2888028,,339 000 so'm x 12 oy,https://olcha.uz/oz/product/view/honor-x8c-midnight-black-8256-gb
Honor X8c Midnight Black 6/128 GB,2438779,,286 000 so'm x 12 oy,https://olcha.uz/oz/product/view/honor-x8c-midnight-black-6128-gb
Honor X8c Midnight Black 8/128 GB,2623900,,308 000 so'm x 12 oy,https://olcha.uz/oz/product/view/honor-x8c-midnight-black-8128-gb
Honor X8c Moonlight White 8/256 GB,2888028,,339 000 so'm x 12 oy,https://olcha.uz/oz/product/view/honor-x8c-moonlight-white-8256-gb
Honor X8c Moonlight White 8/128 GB,2997750,,352 000 so'm x 12 oy,https://olcha.uz/oz/product/view/honor-x8c-moonlight-white-8128-gb
Honor X8c,2438779,,286 000 so'm x 12 oy,https://olcha.uz/oz/product/view/honor-x8c
Tecno Spark 30 White 8/128 GB,2168997,,255 000 so'm x 12 oy,https://olcha.uz/oz/product/view/tecno-spark-30-white-8128-gb
Tecno Spark 30 Black 8/128 GB,2137646,,251 000 so'm x 12 oy,https://olcha.uz/oz/product/view/tecno-spark-30-black-8128-gb
Tecno Spark 30,2137646,,251 000 so'm x 12 oy,https://olcha.uz/oz/product/view/tecno-spark-30
Samsung Galaxy S25+ 12/256 GB Navy,10769000,,1 262 000 so'm x 12 oy,https://olcha.uz/oz/product/view/samsung-galaxy-s25-12256-gb-dark-blue-1
Samsung Galaxy S25+ Silver Shadow 12/256 GB,10769000,,1 262 000 so'm x 12 oy,https://olcha.uz/oz/product/view/samsung-galaxy-s25-silver-12256-gb-1
Samsung Galaxy S25+ Mint 12/256 GB,10769000,,1 262 000 so'm x 12 oy,https://olcha.uz/oz/product/view/samsung-galaxy-s25-green-12256-gb-1
Samsung Galaxy S25+ Icy Blue 12/256 GB,10769000,,1 262 000 so'm x 12 oy,https://olcha.uz/oz/product/view/samsung-galaxy-s25-blue-12256-gb-2
Samsung Galaxy S25+,10769000,,1 262 000 so'm x 12 oy,https://olcha.uz/oz/product/view/samsung-galaxy-s25-1
Samsung Galaxy S25 Silver Shadow 12/256 GB,9699000,,1 136 000 so'm x 12 oy,https://olcha.uz/oz/product/view/samsung-galaxy-s25-silver-12256-gb
Samsung Galaxy S25 Silver Shadow 12/128 GB,9029000,,1 058 000 so'm x 12 oy,https://olcha.uz/oz/product/view/samsung-galaxy-s25-silver-12128-gb
Samsung Galaxy S25,9029000,,1 058 000 so'm x 12 oy,https://olcha.uz/oz/product/view/samsung-galaxy-s25
Samsung Galaxy S25 Ultra 12/512 GB Titanium Blue,14999000,,1 757 000 so'm x 12 oy,https://olcha.uz/oz/product/view/samsung-galaxy-s25-ultra-12512-gb-titanium-blue
Samsung Galaxy S25 Ultra 12/512 GB Titan qora,14999000,,1 757 000 so'm x 12 oy,https://olcha.uz/oz/product/view/samsung-galaxy-s25-ultra-12512-gb-titanium-black
Samsung Galaxy S25 Ultra 12/512 GB Titan kulrang,14999000,,1 757 000 so'm x 12 oy,https://olcha.uz/oz/product/view/samsung-galaxy-s25-ultra-12512-gb-titanium-gray
Samsung Galaxy S25 Ultra 12/256 GB Titanium Blue,13599000,,1 593 000 so'm x 12 oy,https://olcha.uz/oz/product/view/samsung-galaxy-s25-ultra-12256-gb-titanium-blue
Samsung Galaxy S25 Ultra 12/256 GB Titan qora,15837500,,1 855 000 so'm x 12 oy,https://olcha.uz/oz/product/view/samsung-galaxy-s25-ultra-12256-gb-titanium-black
Samsung Galaxy S25 Ultra 12/256 GB Titan kulrang,12600000,,1 476 000 so'm x 12 oy,https://olcha.uz/oz/product/view/samsung-galaxy-s25-ultra-12256-gb-titanium-gray
Samsung Galaxy S25 Ultra 12/256 GB Titanium Silver,15837500,,1 855 000 so'm x 12 oy,https://olcha.uz/oz/product/view/samsung-galaxy-s25-ultra-12256-gb-titanium-silver
Samsung Galaxy S25 Ultra,12600000,,1 476 000 so'm x 12 oy,https://olcha.uz/oz/product/view/samsung-galaxy-s25-ultra
Xiaomi Redmi Note 14 Pro Aurora purple 12/512 GB,4226000,,495 000 so'm x 12 oy,https://olcha.uz/oz/product/view/xiaomi-redmi-note-14-pro-aurora-purple-12512-gb
Xiaomi Redmi Note 14 Pro Ocean Blue 12/512 GB,5352478,,627 000 so'm x 12 oy,https://olcha.uz/oz/product/view/xiaomi-redmi-note-14-pro-ocean-blue-12512-gb
Xiaomi Redmi Note 14 Pro Midnight Black 12/512 GB,5352478,,627 000 so'm x 12 oy,https://olcha.uz/oz/product/view/xiaomi-redmi-note-14-pro-midnight-black-12512-gb
Xiaomi Redmi Note 14 Pro 8/256 GB Aurora purple,3561000,,418 000 so'm x 12 oy,https://olcha.uz/oz/product/view/xiaomi-redmi-note-14-pro-8256-gb-aurora-purple
Xiaomi Redmi Note 14 Pro Ocean Blue 8/256 GB,3196084,,375 000 so'm x 12 oy,https://olcha.uz/oz/product/view/xiaomi-redmi-note-14-pro-ocean-blue-8256-gb
Xiaomi Redmi Note 14 Pro Midnight Black 8/256 GB,3196084,,375 000 so'm x 12 oy,https://olcha.uz/oz/product/view/xiaomi-redmi-note-14-pro-midnight-black-8256-gb
Xiaomi Redmi Note 14 Pro,3196084,,375 000 so'm x 12 oy,https://olcha.uz/oz/product/view/redmi-note-14-pro
Redmi Note 14 8/256 GB Lime Green,2297586,,270 000 so'm x 12 oy,https://olcha.uz/oz/product/view/redmi-note-14-8256-gb-lime-green
Redmi Note 14 8/256 GB Mist Purple,2392000,,281 000 so'm x 12 oy,https://olcha.uz/oz/product/view/redmi-note-14-8256-gb-mist-purple
Redmi Note 14 Ocean Blue 8/256 GB,2297586,,270 000 so'm x 12 oy,https://olcha.uz/oz/product/view/redmi-note-14-ocean-blue-8256-gb
Redmi Note 14 Midnight Black 8/256 GB,2297586,,270 000 so'm x 12 oy,https://olcha.uz/oz/product/view/redmi-note-14-midnight-black-8256-gb
Redmi Note 14 6/128 GB Lime Green,1989530,,234 000 so'm x 12 oy,https://olcha.uz/oz/product/view/redmi-note-14-6128-gb-lime-green
Redmi Note 14 6/128 GB Mist Purple,2090000,,245 000 so'm x 12 oy,https://olcha.uz/oz/product/view/redmi-note-14-6128-gb-mist-purple
Redmi Note 14 Ocean Blue 6/128 GB,1989530,,234 000 so'm x 12 oy,https://olcha.uz/oz/product/view/redmi-note-14-ocean-blue-6128-gb
Redmi Note 14 Midnight Black 6/128 GB,1989530,,234 000 so'm x 12 oy,https://olcha.uz/oz/product/view/redmi-note-14-midnight-black-6128-gb
Redmi Note 14 Ocean Blue 8/128 GB,2469000,,290 000 so'm x 12 oy,https://olcha.uz/oz/product/view/redmi-note-14-ocean-blue-8128-gb
Redmi Note 14 Midnight Black 8/128 GB,2602000,,305 000 so'm x 12 oy,https://olcha.uz/oz/product/view/redmi-note-14-midnight-black-8128-gb
Xiaomi Redmi Note 14 Pro+ 5G Lavender Purple 12/512 GB,5504167,,645 000 so'm x 12 oy,https://olcha.uz/oz/product/view/xiaomi-redmi-note-14-pro-5g-violet-12512-gb
Xiaomi Redmi Note 14 Pro+ 5G Black 12/512 GB,5504167,,645 000 so'm x 12 oy,https://olcha.uz/oz/product/view/xiaomi-redmi-note-14-pro-5g-black-12512-gb
Xiaomi Redmi Note 14 Pro+ 5G Blue 12/512 GB,5504167,,645 000 so'm x 12 oy,https://olcha.uz/oz/product/view/xiaomi-redmi-note-14-pro-5g-blue-12512-gb
Xiaomi Redmi Note 14 Pro+ 5G Lavender Purple 12/256 GB,4837500,,567 000 so'm x 12 oy,https://olcha.uz/oz/product/view/xiaomi-redmi-note-14-pro-5g-violet-12256-gb
Xiaomi Redmi Note 14 Pro+ 5G Blue 12/256 GB,4837500,,567 000 so'm x 12 oy,https://olcha.uz/oz/product/view/xiaomi-redmi-note-14-pro-5g-blue-12256-gb
Xiaomi Redmi Note 14 Pro+ 5G Blue 8/256 GB,5200000,,609 000 so'm x 12 oy,https://olcha.uz/oz/product/view/xiaomi-redmi-note-14-pro-5g-blue-8256-gb
Xiaomi Redmi Note 14 Pro+ 5G,4837500,,567 000 so'm x 12 oy,https://olcha.uz/oz/product/view/xiaomi-redmi-note-14-pro-5g
Redmi Note 14,1989530,,234 000 so'm x 12 oy,https://olcha.uz/oz/product/view/redmi-note-14
Honor X7c Midnight Black 8/256 GB,2504000,,294 000 so'm x 12 oy,https://olcha.uz/oz/product/view/honor-x7c-midnight-black-8256-gb
Honor X7c Moonlight White 8/256 GB,2504000,,294 000 so'm x 12 oy,https://olcha.uz/oz/product/view/honor-x7c-moonlight-white-8256-gb
Honor X7c,1920000,,225 000 so'm x 12 oy,https://olcha.uz/oz/product/view/honor-x7c
Honor X6b Midnight Black 6/256 GB,2059050,,242 000 so'm x 12 oy,https://olcha.uz/oz/product/view/honor-x6b-midnight-black-6256-gb
Honor X6b Midnight Black 4/128 GB,1774500,,208 000 so'm x 12 oy,https://olcha.uz/oz/product/view/honor-x6b-midnight-black-4128-gb
Honor X6b Forest Green 6/256 GB,2059050,,242 000 so'm x 12 oy,https://olcha.uz/oz/product/view/honor-x6b-forest-green-6256-gb
Honor X6b Forest Green 4/128 GB,1774500,,208 000 so'm x 12 oy,https://olcha.uz/oz/product/view/honor-x6b-forest-green-4128-gb
Honor X6b,1774500,,208 000 so'm x 12 oy,https://olcha.uz/oz/product/view/honor-x6b
Tecno SPARK 30C White 6/128 GB,1491580,,175 000 so'm x 12 oy,https://olcha.uz/oz/product/view/tecno-spark-30c-white-6128-gb
Tecno SPARK 30C Black 6/128 GB,1694000,,199 000 so'm x 12 oy,https://olcha.uz/oz/product/view/tecno-spark-30c-black-6128-gb
Honor X5b Plus Ocean Blue 4/128 GB,1518680,,178 000 so'm x 12 oy,https://olcha.uz/oz/product/view/honor-x5b-plus-ocean-blue-4128-gb
Honor X5b Plus Midnight Black 4/128 GB,1518680,,178 000 so'm x 12 oy,https://olcha.uz/oz/product/view/honor-x5b-plus-midnight-black-4128-gb
Honor X5b Plus,1518680,,178 000 so'm x 12 oy,https://olcha.uz/oz/product/view/honor-x5b-plus
Honor 200 Pro 12/512 GB Ocean Cyan,8557860,,1 003 000 so'm x 12 oy,https://olcha.uz/oz/product/view/honor-200-pro-12512-gb-ocean-cyan
Honor 200 Pro Black 12/512 GB,8548230,,1 002 000 so'm x 12 oy,https://olcha.uz/oz/product/view/honor-200-pro-black-12512-gb
Honor 200 Pro,8548230,,1 002 000 so'm x 12 oy,https://olcha.uz/oz/product/view/honor-200-pro
Honor 200 Emerald Green 8/256 GB,7197355,,843 000 so'm x 12 oy,https://olcha.uz/oz/product/view/honor-200-emerald-green-8256-gb
Honor 200 Moonlight White 8/256 GB,6745066,,791 000 so'm x 12 oy,https://olcha.uz/oz/product/view/honor-200-moonlight-white-8256-gb
Honor 200 Black 8/256 GB,6745066,,791 000 so'm x 12 oy,https://olcha.uz/oz/product/view/honor-200-black-8256-gb
Honor 200,6745066,,791 000 so'm x 12 oy,https://olcha.uz/oz/product/view/honor-200
Honor X9c 5G 12/256 GB Jade Cyan,4200000,,492 000 so'm x 12 oy,https://olcha.uz/oz/product/view/honor-x9c-5g-12256-gb-jade-cyan
Honor X9c 5G Black 12/256 GB,4200000,,492 000 so'm x 12 oy,https://olcha.uz/oz/product/view/honor-x9c-5g-black-12256-gb
Honor X9c 5G Purple 12/256 GB,4870950,,571 000 so'm x 12 oy,https://olcha.uz/oz/product/view/honor-x9c-5g-purple-12256-gb
Honor X9c 5G 8/256 GB Jade Cyan,4425650,,519 000 so'm x 12 oy,https://olcha.uz/oz/product/view/honor-x9c-5g-8256-gb-jade-cyan
Honor X9c 5G Purple 8/256 GB,3840000,,450 000 so'm x 12 oy,https://olcha.uz/oz/product/view/honor-x9c-5g-purple-8256-gb
Honor X9c 5G Black 8/256 GB,3840000,,450 000 so'm x 12 oy,https://olcha.uz/oz/product/view/honor-x9c-5g-black-8256-gb
Honor X9c 5G,3840000,,450 000 so'm x 12 oy,https://olcha.uz/oz/product/view/honor-x9c-5g
Samsung Galaxy A06 Black 4/128 GB,1704800,,200 000 so'm x 12 oy,https://olcha.uz/oz/product/view/samsung-galaxy-a06-black-4128-gb
Samsung Galaxy A06,1704800,,200 000 so'm x 12 oy,https://olcha.uz/oz/product/view/samsung-galaxy-a06
Samsung Galaxy S24 FE 256 GB Grey,8720500,,1 022 000 so'm x 12 oy,https://olcha.uz/oz/product/view/smartfon-samsung-galaxy-s24-fe-grey-128-gb
Samsung Galaxy S24 FE 256/8 GB Blue,8644530,,1 013 000 so'm x 12 oy,https://olcha.uz/oz/product/view/smartfon-samsung-galaxy-s24-fe-blue-128-gb
Samsung Galaxy S24 FE 256/8 GB Black,8634900,,1 012 000 so'm x 12 oy,https://olcha.uz/oz/product/view/smartfon-samsung-galaxy-s24-fe-black-128-gb
Samsung Galaxy S24 FE 128/8 GB Black,7848000,,920 000 so'm x 12 oy,https://olcha.uz/oz/product/view/smartfon-samsung-galaxy-s24-fe-black-256-gb
Samsung Galaxy S24 FE,7848000,,920 000 so'm x 12 oy,https://olcha.uz/oz/product/view/smartfon-samsung-galaxy-s24-fe
Samsung Galaxy A16 5G 6/128 GB Light Green,2363000,,277 000 so'm x 12 oy,https://olcha.uz/oz/product/view/samsung-galaxy-a16-5g-4128-gb-light-green
Samsung Galaxy A16 5G Black 6/128 GB,2363000,,277 000 so'm x 12 oy,https://olcha.uz/oz/product/view/samsung-galaxy-a16-5g-black-4128-gb
Samsung Galaxy A16 5G Black 8/256 GB,2842000,,333 000 so'm x 12 oy,https://olcha.uz/oz/product/view/samsung-galaxy-a16-5g-black-8256-gb
Samsung Galaxy A16 5G,2363000,,277 000 so'm x 12 oy,https://olcha.uz/oz/product/view/samsung-galaxy-a16-5g
Samsung Galaxy A16 Light Green 8/256GB,2691000,,316 000 so'm x 12 oy,https://olcha.uz/oz/product/view/samsung-galaxy-a16-mint-green-8256gb
Samsung Galaxy A16 Gray 8/256GB,2639000,,310 000 so'm x 12 oy,https://olcha.uz/oz/product/view/samsung-galaxy-a16-silver-8256gb
Samsung Galaxy A16 Black 8/256GB,2780000,,326 000 so'm x 12 oy,https://olcha.uz/oz/product/view/samsung-galaxy-a16-black-8256gb
Samsung Galaxy A16 6/128 GB Light Green,2199000,,258 000 so'm x 12 oy,https://olcha.uz/oz/product/view/samsung-galaxy-a16-6128-gb-mint-green
Samsung Galaxy A16 Black 6/128 GB,2199000,,258 000 so'm x 12 oy,https://olcha.uz/oz/product/view/samsung-galaxy-a16-black-6128-gb
Samsung Galaxy A16,2199000,,258 000 so'm x 12 oy,https://olcha.uz/oz/product/view/samsung-galaxy-a16
Tecno SPARK 30C White 8/256 GB,1781550,,209 000 so'm x 12 oy,https://olcha.uz/oz/product/view/tecno-spark-30c-white-8256-gb
Tecno SPARK 30C Black 8/256 GB,1781550,,209 000 so'm x 12 oy,https://olcha.uz/oz/product/view/tecno-spark-30c-black
Tecno SPARK 30C,1491580,,175 000 so'm x 12 oy,https://olcha.uz/oz/product/view/tecno-spark-30c
Tecno SPARK GO 1 White 4/64 GB,1444393,,170 000 so'm x 12 oy,https://olcha.uz/oz/product/view/tecno-spark-go-1-white-464-gb
Tecno SPARK GO 1,1129900,,133 000 so'm x 12 oy,https://olcha.uz/oz/product/view/tecno-spark-go-1
Apple iPhone 16 256 GB Pink,16125970,,1 889 000 so'm x 12 oy,https://olcha.uz/oz/product/view/apple-iphone-16-256-gb-pink
Apple iPhone 16 256 GB White,16125970,,1 889 000 so'm x 12 oy,https://olcha.uz/oz/product/view/apple-iphone-16-256-gb-white
Apple iPhone 16 256 GB Green,16125970,,1 889 000 so'm x 12 oy,https://olcha.uz/oz/product/view/apple-iphone-16-256-gb-green
Apple iPhone 16 256 GB Black,16125970,,1 889 000 so'm x 12 oy,https://olcha.uz/oz/product/view/apple-iphone-16-256-gb-black
Apple iPhone 16 256 GB Blue,16125970,,1 889 000 so'm x 12 oy,https://olcha.uz/oz/product/view/apple-iphone-16-256-gb-blue
Xiaomi 14T 12/256 GB Titan Blue,7388457,,866 000 so'm x 12 oy,https://olcha.uz/oz/product/view/xiaomi-14t-12256-gb-titan-blue
Xiaomi 14T 12/256 GB Titan Black,7811000,,915 000 so'm x 12 oy,https://olcha.uz/oz/product/view/xiaomi-14t-12256-gb-titan-black
Xiaomi 14T 12/256 GB Lemon Green,7707959,,903 000 so'm x 12 oy,https://olcha.uz/oz/product/view/xiaomi-14t-12256-gb-lemon-green
Xiaomi 14T,7388457,,866 000 so'm x 12 oy,https://olcha.uz/oz/product/view/xiaomi-14t
Xiaomi 14T Pro Grey 12/1 TB,9818000,,1 150 000 so'm x 12 oy,https://olcha.uz/oz/product/view/xiaomi-14t-pro-grey-121-tb
Xiaomi 14T Pro Black 12/1 TB,9818000,,1 150 000 so'm x 12 oy,https://olcha.uz/oz/product/view/xiaomi-14t-pro-black-121-tb
Xiaomi 14T Pro Blue 12/1 TB,9818000,,1 150 000 so'm x 12 oy,https://olcha.uz/oz/product/view/xiaomi-14t-pro-blue-121-tb-1
Xiaomi 14T Pro Grey 12/512 GB,9053000,,1 061 000 so'm x 12 oy,https://olcha.uz/oz/product/view/xiaomi-14t-pro-grey-12512-gb
Xiaomi 14T Pro Black 12/512 GB,9053000,,1 061 000 so'm x 12 oy,https://olcha.uz/oz/product/view/xiaomi-14t-pro-black-12512-gb
Xiaomi 14T Pro Blue 12/512 GB,9053000,,1 061 000 so'm x 12 oy,https://olcha.uz/oz/product/view/xiaomi-14t-pro-blue-12512-gb
Xiaomi 14T Pro Grey 12/256 GB,8454000,,991 000 so'm x 12 oy,https://olcha.uz/oz/product/view/xiaomi-14t-pro-grey-12256-gb
Xiaomi 14T Pro Black 12/256 GB,8454000,,991 000 so'm x 12 oy,https://olcha.uz/oz/product/view/xiaomi-14t-pro-black-12256-gb
Xiaomi 14T Pro Blue 12/256 GB,8454000,,991 000 so'm x 12 oy,https://olcha.uz/oz/product/view/xiaomi-14t-pro-blue-12256-gb
Xiaomi 14T Pro,8454000,,991 000 so'm x 12 oy,https://olcha.uz/oz/product/view/xiaomi-14t-pro
Xiaomi MIX Flip 512 GB Purple,13800000,,1 617 000 so'm x 12 oy,https://olcha.uz/oz/product/view/xiaomi-mix-flip-512-gb-purple
Xiaomi MIX Flip 512 GB Black,13800000,,1 617 000 so'm x 12 oy,https://olcha.uz/oz/product/view/xiaomi-mix-flip-512-gb-black
Xiaomi MIX Flip,13800000,,1 617 000 so'm x 12 oy,https://olcha.uz/oz/product/view/xiaomi-mix-flip
Apple Iphone 16 Plus Pink 8/256 GB,20960000,,2 455 000 so'm x 12 oy,https://olcha.uz/oz/product/view/apple-iphone-16-plus-pink-8256-gb
Apple Iphone 16 Plus White 256 GB,20930000,,2 452 000 so'm x 12 oy,https://olcha.uz/oz/product/view/apple-iphone-16-plus-white-8256-gb
Apple Iphone 16 Plus Green 256 GB,20910000,,2 449 000 so'm x 12 oy,https://olcha.uz/oz/product/view/apple-iphone-16-plus-green-8256-gb
Apple Iphone 16 Plus Black 256 GB,20060000,,2 350 000 so'm x 12 oy,https://olcha.uz/oz/product/view/apple-iphone-16-plus-black-8256-gb
Apple Iphone 16 Plus Blue 256 GB,20890000,,2 447 000 so'm x 12 oy,https://olcha.uz/oz/product/view/apple-iphone-16-plus-blue-8256-gb
Apple Iphone 16 Plus Pink 128 GB,15450000,,1 810 000 so'm x 12 oy,https://olcha.uz/oz/product/view/apple-iphone-16-plus-pink-8128-gb
Apple Iphone 16 Plus White 128 GB,15450000,,1 810 000 so'm x 12 oy,https://olcha.uz/oz/product/view/apple-iphone-16-plus-white-8128-gb
Apple Iphone 16 Plus Green 128 GB,15450000,,1 810 000 so'm x 12 oy,https://olcha.uz/oz/product/view/apple-iphone-16-plus-green-8128-gb
Apple Iphone 16 Plus Black 128 GB,15450000,,1 810 000 so'm x 12 oy,https://olcha.uz/oz/product/view/apple-iphone-16-plus-black-8128-gb
Apple Iphone 16 Plus Blue 128 GB,15450000,,1 810 000 so'm x 12 oy,https://olcha.uz/oz/product/view/apple-iphone-16-plus-blue-8128-gb
Apple Iphone 16 Plus,15450000,,1 810 000 so'm x 12 oy,https://olcha.uz/oz/product/view/apple-iphone-16-plus
Apple AirPods 4 White,2731020,,320 000 so'm x 12 oy,https://olcha.uz/oz/product/view/apple-airpods-4-white
Huawei Pura 70,7749000,,908 000 so'm x 12 oy,https://olcha.uz/oz/product/view/huawei-pura-70-12256-gb-black
Apple iPhone 16 128 GB,Black 128GB Pink,12300000,,1 441 000 so'm x 12 oy,https://olcha.uz/oz/product/view/apple-iphone-16-128gb-pink
Apple iPhone 16 128 GB,Black 128GB White,12300000,,1 441 000 so'm x 12 oy,https://olcha.uz/oz/product/view/apple-iphone-16-128gb-white
Apple iPhone 16 128 GB,Black 128GB Green,12300000,,1 441 000 so'm x 12 oy,https://olcha.uz/oz/product/view/apple-iphone-16-128gb-green
Apple iPhone 16 128 GB,Black 128GB Blue,12300000,,1 441 000 so'm x 12 oy,https://olcha.uz/oz/product/view/apple-iphone-16-128gb-blue
Apple iPhone 16 128 GB,Black 128GB Black,12300000,,1 441 000 so'm x 12 oy,https://olcha.uz/oz/product/view/apple-iphone-16-128gb-black
Apple iPhone 16 128 GB,Black,12300000,,1 441 000 so'm x 12 oy,https://olcha.uz/oz/product/view/apple-iphone-16
Xiaomi Redmi 14C 6/128 GB Sage Green,1648870,,194 000 so'm x 12 oy,https://olcha.uz/oz/product/view/xiaomi-redmi-14c-6128-gb-sage-green
Xiaomi Redmi 14C 6/128 GB Dreamy Purple,1648870,,194 000 so'm x 12 oy,https://olcha.uz/oz/product/view/xiaomi-redmi-14c-6128-gb-dreamy-purple
Xiaomi Redmi 14C 6/128 GB Stary Blue,1648870,,194 000 so'm x 12 oy,https://olcha.uz/oz/product/view/xiaomi-redmi-14c-6128-gb-stary-blue
Xiaomi Redmi 14C Midnight Black 6/128 GB,1648870,,194 000 so'm x 12 oy,https://olcha.uz/oz/product/view/xiaomi-redmi-14c-midnight-black-6128-gb
Apple iPhone 16 Pro 1 TB Black titanium,24880000,,2 914 000 so'm x 12 oy,https://olcha.uz/oz/product/view/apple-iphone-16-pro-1-tb-black-titanium
Apple iPhone 16 Pro 1 TB White titanium,24890000,,2 915 000 so'm x 12 oy,https://olcha.uz/oz/product/view/apple-iphone-16-pro-1-tb-white-titanium
Apple iPhone 16 Pro 1 TB Desert Titanium,24870000,,2 913 000 so'm x 12 oy,https://olcha.uz/oz/product/view/apple-iphone-16-pro-1-tb-desert-titanium
Apple iPhone 16 Pro 1 TB Titanium,24890000,,2 915 000 so'm x 12 oy,https://olcha.uz/oz/product/view/apple-iphone-16-pro-1-tb-titanium
Apple iPhone 16 Pro 256 GB Black titanium,18690000,,2 189 000 so'm x 12 oy,https://olcha.uz/oz/product/view/apple-iphone-16-pro-256-gb-black-titanium-4
Apple iPhone 16 Pro 512 GB White titanium,20500000,,2 401 000 so'm x 12 oy,https://olcha.uz/oz/product/view/apple-iphone-16-pro-256-gb-white-titanium
Apple iPhone 16 Pro 512 GB Desert Titanium,20700000,,2 425 000 so'm x 12 oy,https://olcha.uz/oz/product/view/apple-iphone-16-pro-256-gb-desert-titanium
Apple iPhone 16 Pro 512 GB Titanium,21600000,,2 530 000 so'm x 12 oy,https://olcha.uz/oz/product/view/apple-iphone-16-pro-512-gb-titanium
Apple iPhone 16 Pro 128 GB Black titanium,16100000,,1 886 000 so'm x 12 oy,https://olcha.uz/oz/product/view/apple-iphone-16-pro-black-titanium-128-gb
Apple iPhone 16 Pro 128 GB White titanium,16100000,,1 886 000 so'm x 12 oy,https://olcha.uz/oz/product/view/apple-iphone-16-pro-white-titanium-128-gb
Apple iPhone 16 Pro 128 GB Desert Titanium,16100000,,1 886 000 so'm x 12 oy,https://olcha.uz/oz/product/view/apple-iphone-16-pro-128-gb-desert-titanium
Apple iPhone 16 Pro 128 GB Titanium,16100000,,1 886 000 so'm x 12 oy,https://olcha.uz/oz/product/view/apple-iphone-16-pro-128-gb-titanium
Apple iPhone 16 Pro 256 GB Black titanium,18730000,,2 194 000 so'm x 12 oy,https://olcha.uz/oz/product/view/apple-iphone-16-pro-256-gb-black-titanium-3
Apple iPhone 16 Pro 256 GB White titanium,18730000,,2 194 000 so'm x 12 oy,https://olcha.uz/oz/product/view/apple-iphone-16-pro-256-gb-black-titanium-2
Apple iPhone 16 Pro 256 GB Desert Titanium,18730000,,2 194 000 so'm x 12 oy,https://olcha.uz/oz/product/view/apple-iphone-16-pro-256-gb-black-titanium-1
Apple iPhone 16 Pro 256 GB Titanium,18730000,,2 194 000 so'm x 12 oy,https://olcha.uz/oz/product/view/apple-iphone-16-pro-256-gb-black-titanium
Apple iPhone 16 Pro Max 1 TB Titanium,25400000,,2 975 000 so'm x 12 oy,https://olcha.uz/oz/product/view/apple-iphone-16-pro-max-1-tb-black-titanium-1
Apple iPhone 16 Pro Max 1 TB Black titanium,25400000,,2 975 000 so'm x 12 oy,https://olcha.uz/oz/product/view/apple-iphone-16-pro-max-1-tb-black-titanium
Apple iPhone 16 Pro Max 1 TB White titanium,25400000,,2 975 000 so'm x 12 oy,https://olcha.uz/oz/product/view/apple-iphone-16-pro-max-1-tb-white-titanium-1
Apple iPhone 16 Pro Max 1 TB Desert Titanium,25400000,,2 975 000 so'm x 12 oy,https://olcha.uz/oz/product/view/apple-iphone-16-pro-max-1-tb-desert-titanium-1
Apple iPhone 16 Pro Max 512 GB White titanium,21300000,,2 495 000 so'm x 12 oy,https://olcha.uz/oz/product/view/apple-iphone-16-pro-max-512-gb-white-titanium-3
Apple iPhone 16 Pro Max 512 GB Desert Titanium,21760000,,2 549 000 so'm x 12 oy,https://olcha.uz/oz/product/view/apple-iphone-16-pro-max-512-gb-desert-titanium-3
Apple iPhone 16 Pro Max 512 GB Titanium,21760000,,2 549 000 so'm x 12 oy,https://olcha.uz/oz/product/view/apple-iphone-16-pro-max-512-gb-titanium-3
Apple iPhone 16 Pro Max 512 GB Black titanium,21620000,,2 532 000 so'm x 12 oy,https://olcha.uz/oz/product/view/apple-iphone-16-pro-max-512-gb-black-titanium
Apple iPhone 16 Pro Max 256 GB Black titanium,17800000,,2 085 000 so'm x 12 oy,https://olcha.uz/oz/product/view/apple-iphone-16-pro-max-black-titanium
Apple iPhone 16 Pro Max 256 GB White titanium,19490000,,2 283 000 so'm x 12 oy,https://olcha.uz/oz/product/view/apple-iphone-16-pro-max-white-titanium
Apple iPhone 16 Pro Max 256 GB Desert Titanium,17500000,,2 050 000 so'm x 12 oy,https://olcha.uz/oz/product/view/apple-iphone-16-pro-max-desert-titanium
Apple iPhone 16 Pro Max 256 GB Titanium,19490000,,2 283 000 so'm x 12 oy,https://olcha.uz/oz/product/view/apple-iphone-16-pro-max-titanium
Apple iPhone 16 Pro Max,17500000,,2 050 000 so'm x 12 oy,https://olcha.uz/oz/product/view/apple-iphone-16-pro-max
Xiaomi Redmi 14C,1648870,,194 000 so'm x 12 oy,https://olcha.uz/oz/product/view/smartfon-redmi-14c
Apple iPhone 16 Pro,16100000,,1 886 000 so'm x 12 oy,https://olcha.uz/oz/product/view/apple-iphone-16-pro
Smartfon Novey Pro K10 8/256 Gb Titanium,2897025,,340 000 so'm x 12 oy,https://olcha.uz/oz/product/view/smartfon-novey-pro-k10-6128-gb-titanium-8256-gb
Smartfon Novey Pro K10 6/128 Gb Titan,2460465,,289 000 so'm x 12 oy,https://olcha.uz/oz/product/view/smartfon-novey-pro-k10-6128-gb-titanium-6128-gb
Smartfon Novey Pro K10,2460465,,289 000 so'm x 12 oy,https://olcha.uz/oz/product/view/smartfon-novey-pro-k10-6128-gb-titanium
Smartfon Novey Pro K10 8/256 Gb Ko‘k,2655222,,312 000 so'm x 12 oy,https://olcha.uz/oz/product/view/smartfon-novey-pro-k10-6128-gb-dark-blue-8256-gb
Smartfon Novey Pro K10 6/128 Gb Ko‘k,2462622,,289 000 so'm x 12 oy,https://olcha.uz/oz/product/view/smartfon-novey-pro-k10-6128-gb-dark-blue-6128-gb
Smartfon Novey Pro K10,2462622,,289 000 so'm x 12 oy,https://olcha.uz/oz/product/view/smartfon-novey-pro-k10-6128-gb-dark-blue
Smartfon Novey Force G20 6/128 Gb Oq,2355622,,276 000 so'm x 12 oy,https://olcha.uz/oz/product/view/smartfon-novey-force-g20-6128gb-mirror-black-6128-gb-mirror-white
Smartfon Novey Force G20 8/128 Gb Qora,2355622,,276 000 so'm x 12 oy,https://olcha.uz/oz/product/view/smartfon-novey-force-g20-6128gb-mirror-black-mirror-black-6128-gb-3
Smartfon Novey Force G20 6/128 Gb Kora,2355622,,276 000 so'm x 12 oy,https://olcha.uz/oz/product/view/smartfon-novey-force-g20-6128gb-mirror-black-mirror-black-6128-gb-2
Smartfon Novey Force G20,2355622,,276 000 so'm x 12 oy,https://olcha.uz/oz/product/view/smartfon-novey-force-g20-6128gb-mirror-black
Smartfon Novey Force F15 8/256GB Space Grey,2108452,,247 000 so'm x 12 oy,https://olcha.uz/oz/product/view/smartfon-novey-force-f15-4128gb-deep-purple-space-grey-4128-gb
Smartfon Novey Force F15 4/128GB Deep Purple,1860212,,218 000 so'm x 12 oy,https://olcha.uz/oz/product/view/smartfon-novey-force-f15-4128gb-deep-purple-deep-purple-6128-gb
Smartfon Novey Force F15 4/128GB Deep Purple,1860212,,218 000 so'm x 12 oy,https://olcha.uz/oz/product/view/smartfon-novey-force-f15-4128gb-deep-purple-deep-purple-4128-gb
Smartfon Novey Force F15 6/128 GB Oq,1967212,,231 000 so'm x 12 oy,https://olcha.uz/oz/product/view/smartfon-novey-force-f15-4128gb-deep-purple-pearly-white-6128-gb
Smartfon Novey Force F15 6/128 GB Kosmik kulrang,1967212,,231 000 so'm x 12 oy,https://olcha.uz/oz/product/view/smartfon-novey-force-f15-4128gb-deep-purple-space-grey-6128-gb
Ovoz yozuvchisi Cenix VR-P2340 Oq,1860212,,218 000 so'm x 12 oy,https://olcha.uz/oz/product/view/smartfon-novey-force-f15-4128gb-deep-purple-pearly-white
Ovoz yozuvchisi Cenix VR-P2340 Kosmik kulrang,1859142,,218 000 so'm x 12 oy,https://olcha.uz/oz/product/view/smartfon-novey-force-f15-4128gb-deep-purple-space-grey
Smartfon Novey Force F15 4/128GB To‘q binafsha,1859142,,218 000 so'm x 12 oy,https://olcha.uz/oz/product/view/smartfon-novey-force-f15-4128gb-blue
Smartfon Samsung Galaxy Z Flip 6 12/256 Blue,12571725,,1 473 000 so'm x 12 oy,https://olcha.uz/oz/product/view/smartfon-samsung-galaxy-z-flip-6-8256-blue-blue
Smartfon Samsung Galaxy Z Flip 6,12571725,,1 473 000 so'm x 12 oy,https://olcha.uz/oz/product/view/smartfon-samsung-galaxy-z-flip-6-8256-blue
Smartfon Samsung Galaxy S23 FE 8/256 GB Mint Green,8371235,,981 000 so'm x 12 oy,https://olcha.uz/oz/product/view/smartfon-samsung-galaxy-s23-fe-8256-gb-kremovyi-mint-green
Smartfon Samsung Galaxy S23 FE 8/256 GB kremli rang,8371235,,981 000 so'm x 12 oy,https://olcha.uz/oz/product/view/smartfon-samsung-galaxy-s23-fe-8256-gb
Samsung Galaxy Z Fold 6 Black 12/256 GB,23120363,,2 708 000 so'm x 12 oy,https://olcha.uz/oz/product/view/samsung-galaxy-z-fold-6-black-12256-gb
Samsung Galaxy Z Fold 6,23120363,,2 708 000 so'm x 12 oy,https://olcha.uz/oz/product/view/samsung-galaxy-z-fold-6
Xiaomi Redmi 13 Midnight Black 8/256 GB,2516635,,295 000 so'm x 12 oy,https://olcha.uz/oz/product/view/xiaomi-redmi-13-midnight-black-8256-gb
Xiaomi Redmi 13 Midnight Black 8/128 GB,2456536,,288 000 so'm x 12 oy,https://olcha.uz/oz/product/view/xiaomi-redmi-13-midnight-black-8128-gb
Xiaomi Redmi 13 Midnight Black 6/128 GB,2412844,,283 000 so'm x 12 oy,https://olcha.uz/oz/product/view/xiaomi-redmi-13-midnight-black-6128-gb
Xiaomi Redmi 13,2412844,,283 000 so'm x 12 oy,https://olcha.uz/oz/product/view/xiaomi-redmi-13
Honor 200 Lite Midnight Black 8/256 GB,4463937,,523 000 so'm x 12 oy,https://olcha.uz/oz/product/view/honor-200-lite-midnight-black-8256-gb
Honor 200 Lite,4463937,,523 000 so'm x 12 oy,https://olcha.uz/oz/product/view/honor-200-lite
Xiaomi 14 Ultra Black 16/512 GB,15458437,,1 811 000 so'm x 12 oy,https://olcha.uz/oz/product/view/xiaomi-14-ultra-black-16512-gb
Xiaomi 14 Ultra,15458437,,1 811 000 so'm x 12 oy,https://olcha.uz/oz/product/view/xiaomi-14-ultra
Xiaomi Redmi Note 13,2538000,,298 000 so'm x 12 oy,https://olcha.uz/oz/product/view/xiaomi-redmi-note-13-1
Samsung Galaxy A55 8/128 GB Awesome Lilac,4708800,,552 000 so'm x 12 oy,https://olcha.uz/oz/product/view/smartfon-samsung-galaxy-a55-8128-gb-awesome-lilac
Samsung Galaxy A55 8/128 GB Awesome Iceblue,4553800,,534 000 so'm x 12 oy,https://olcha.uz/oz/product/view/smartfon-samsung-galaxy-a55-8128-gb-awesome-iceblue
Samsung Galaxy A55,4553800,,534 000 so'm x 12 oy,https://olcha.uz/oz/product/view/smartfon-samsung-galaxy-a55
Xiaomi 14 Black 12/512 GB,11091406,,1 299 000 so'm x 12 oy,https://olcha.uz/oz/product/view/xiaomi-14-black-12512-gb
Samsung Galaxy S24+ Kulrang 12/512 GB,15274250,,1 789 000 so'm x 12 oy,https://olcha.uz/oz/product/view/samsung-galaxy-s24-seryi-12512-gb
Samsung Galaxy S24+ Kulrang 12/256 GB,13232690,,1 550 000 so'm x 12 oy,https://olcha.uz/oz/product/view/samsung-galaxy-s24-seryi-12256-gb
Samsung Galaxy S24+ Qora 12/256 GB,12920250,,1 514 000 so'm x 12 oy,https://olcha.uz/oz/product/view/samsung-galaxy-s24-cernyi-12256-gb
Samsung Galaxy S24+,12920250,,1 514 000 so'm x 12 oy,https://olcha.uz/oz/product/view/samsung-galaxy-s24-1
Samsung Galaxy S24 Kulrang 8/256 GB,9710415,,1 138 000 so'm x 12 oy,https://olcha.uz/oz/product/view/samsung-galaxy-s24-seryi-8256-gb
Samsung Galaxy S24 Kulrang 8/128 GB,9089537,,1 065 000 so'm x 12 oy,https://olcha.uz/oz/product/view/samsung-galaxy-s24-seryi-8128-gb
Samsung Galaxy S24 Qora 8/256 GB,9682323,,1 134 000 so'm x 12 oy,https://olcha.uz/oz/product/view/samsung-galaxy-s24-cernyi-8256-gb
Samsung Galaxy S24,9089537,,1 065 000 so'm x 12 oy,https://olcha.uz/oz/product/view/samsung-galaxy-s24
Samsung Galaxy S24 Ultra 12/256 GB Titan qora,11299000,,1 324 000 so'm x 12 oy,https://olcha.uz/oz/product/view/samsung-galaxy-s24-ultra-12256-gb-titanium-black
Samsung Galaxy S24 Ultra 12/512 GB Titan kulrang,15000000,,1 757 000 so'm x 12 oy,https://olcha.uz/oz/product/view/samsung-galaxy-s24-ultra-12512-gb-titanium-gray
Samsung Galaxy S24 Ultra 12/256 GB Titan kulrang,11186010,,1 311 000 so'm x 12 oy,https://olcha.uz/oz/product/view/samsung-galaxy-s24-ultra-12256-gb-titanium-gray
Samsung Galaxy S24 Ultra,11186010,,1 311 000 so'm x 12 oy,https://olcha.uz/oz/product/view/samsung-galaxy-s24-ultra
Novey Alpha A10 Binafsha rang 4/64 GB,1530298,,180 000 so'm x 12 oy,https://olcha.uz/oz/product/view/novey-alpha-a10-fioletovyi-464-gb
Novey Alpha A10 Binafsha rang 4/128 GB,1604128,,188 000 so'm x 12 oy,https://olcha.uz/oz/product/view/novey-alpha-a10-fioletovyi-4128-gb
Novey Alpha A10 Oq 4/64 GB,1532634,,180 000 so'm x 12 oy,https://olcha.uz/oz/product/view/novey-alpha-a10-belyi-464-gb
Novey Alpha A10 Oq 4/128 GB,1601988,,188 000 so'm x 12 oy,https://olcha.uz/oz/product/view/novey-alpha-a10-belyi-4128-gb
Novey Alpha A10 Qora 4/128 GB,1679000,,197 000 so'm x 12 oy,https://olcha.uz/oz/product/view/novey-alpha-a10-cernyi-4128-gb
Novey Alpha A10,1530298,,180 000 so'm x 12 oy,https://olcha.uz/oz/product/view/novey-alpha-a10
Honor X8b Yashil 8/256 GB,3794327,,445 000 so'm x 12 oy,https://olcha.uz/oz/product/view/honor-x8b-zelenyi-8256-gb
Honor X8b Yashil 8/128 GB,3367602,,395 000 so'm x 12 oy,https://olcha.uz/oz/product/view/honor-x8b-zelenyi-8128-gb
Honor X8b Qora 8/256 GB,3503287,,411 000 so'm x 12 oy,https://olcha.uz/oz/product/view/honor-x8b-cernyi-8256-gb
Honor X8b Qora 8/128 GB,3311436,,388 000 so'm x 12 oy,https://olcha.uz/oz/product/view/honor-x8b-cernyi-8128-gb
Honor X8b Kumush 8/256 GB,2900000,,340 000 so'm x 12 oy,https://olcha.uz/oz/product/view/honor-x8b-serebristyi-8256-gb
Honor X8b Kumush 8/128 GB,3367504,,395 000 so'm x 12 oy,https://olcha.uz/oz/product/view/honor-x8b-serebristyi-8128-gb
Honor X8b,2900000,,340 000 so'm x 12 oy,https://olcha.uz/oz/product/view/honor-x8b
Samsung Galaxy A25 Och moviy 6/128 GB,3154146,,370 000 so'm x 12 oy,https://olcha.uz/oz/product/view/samsung-galaxy-a25-svetlo-sinii-6128-gb
Samsung Galaxy A25,3154146,,370 000 so'm x 12 oy,https://olcha.uz/oz/product/view/samsung-galaxy-a25
Honor X6a 4/128 GB Sky Silver,1500000,,176 000 so'm x 12 oy,https://olcha.uz/oz/product/view/honor-x6a-4128-gb-sky-silver
Xiaomi 14 White 12/256 GB,10714289,,1 255 000 so'm x 12 oy,https://olcha.uz/oz/product/view/xiaomi-14-white-12256-gb
Xiaomi 14 Green 12/256 GB,11007237,,1 290 000 so'm x 12 oy,https://olcha.uz/oz/product/view/xiaomi-14-green-12256-gb
Honor X9b Emerald Green 8/256 GB,4666649,,547 000 so'm x 12 oy,https://olcha.uz/oz/product/view/honor-x9b-emerald-green-8256-gb
Honor X9b Midnight Black 8/256 GB,4504441,,528 000 so'm x 12 oy,https://olcha.uz/oz/product/view/honor-x9b-midnight-black-8256-gb
Honor X9b 12/256 GB Sunrise Orange,5109464,,599 000 so'm x 12 oy,https://olcha.uz/oz/product/view/honor-x9b-12256-gb-sunrise-orange
Honor X9b,4504441,,528 000 so'm x 12 oy,https://olcha.uz/oz/product/view/honor-x9b
Xiaomi 14,10714289,,1 255 000 so'm x 12 oy,https://olcha.uz/oz/product/view/xiaomi-14
Apple iPhone 15 Pro Max 256GB Black titanium,16295000,,1 909 000 so'm x 12 oy,https://olcha.uz/oz/product/view/apple-iphone-15-pro-max-256gb-black-titanium
Apple iPhone 15 Pro Max,16295000,,1 909 000 so'm x 12 oy,https://olcha.uz/oz/product/view/apple-iphone-15-pro-max
Apple iPhone 15 Pro 256GB Black titanium,16013800,,1 876 000 so'm x 12 oy,https://olcha.uz/oz/product/view/apple-iphone-15-pro-256gb-black-titanium
Apple iPhone 15 Pro,16013800,,1 876 000 so'm x 12 oy,https://olcha.uz/oz/product/view/apple-iphone-15-pro
Huawei nova 11 8/256 GB Green,3240000,3900000,380 000 so'm x 12 oy,https://olcha.uz/oz/product/view/huawei-nova-11-8256-gb-green
Huawei nova 11 8/256 GB,3240000,3900000,380 000 so'm x 12 oy,https://olcha.uz/oz/product/view/huawei-nova-11
Honor 90 Kumush 8/256 GB,8237003,,965 000 so'm x 12 oy,https://olcha.uz/oz/product/view/honor-90-serebristyi-8256-gb
Honor X6a,1500000,,176 000 so'm x 12 oy,https://olcha.uz/oz/product/view/honor-x6a
Honor 90,8237003,,965 000 so'm x 12 oy,https://olcha.uz/oz/product/view/honor-90
Honor X7A Plus 6/128GB Qora,2399000,,281 000 so'm x 12 oy,https://olcha.uz/oz/product/view/honor-x7a-plus-6128gb-cernyi
Honor X7A Plus 6/128GB Moviy,2399000,,281 000 so'm x 12 oy,https://olcha.uz/oz/product/view/honor-x7a-plus-6128gb-sinii
Honor X7A Plus 6/128GB Kumush,2399000,,281 000 so'm x 12 oy,https://olcha.uz/oz/product/view/honor-x7a-plus-6128gb-serebristyi
Honor X7A Plus 6/128GB,2399000,,281 000 so'm x 12 oy,https://olcha.uz/oz/product/view/honor-x7a-plus-6128gb
Smartfon Huawei nova 10 SE 8/128 GB Yorqin qora,3500000,,410 000 so'm x 12 oy,https://olcha.uz/oz/product/view/huawei-nova-10-se-8128-gb-siyayushchiy-chernyy
Smartfon Huawei nova 10 SE 6/128 GB Yorqin qora,3500000,,410 000 so'm x 12 oy,https://olcha.uz/oz/product/view/huawei-nova-10-se-6128-gb-siyayushchiy-chernyy
Smartfon Huawei nova 10 SE,3500000,,410 000 so'm x 12 oy,https://olcha.uz/oz/product/view/huawei-nova-10-se
Apple iPhone 14 Pro Max 1 TB Gold,28007250,,3 280 000 so'm x 12 oy,https://olcha.uz/oz/product/view/apple-iphone-14-pro-makh-gold-1-tb
Samsung Galaxy Z Fold4 12/512 GB Qora,14215999,,1 665 000 so'm x 12 oy,https://olcha.uz/oz/product/view/samsung-galaxy-z-fold4-chernyy-12512-gb
Samsung Galaxy Z Fold4,14215999,,1 665 000 so'm x 12 oy,https://olcha.uz/oz/product/view/samsung-galaxy-z-fold4
Apple iPhone 14 Pro Max,28007250,,3 280 000 so'm x 12 oy,https://olcha.uz/oz/product/view/apple-iphone-14-pro-makh
Apple Iphone 13 128 GB Midnight,7666666,,898 000 so'm x 12 oy,https://olcha.uz/oz/product/view/apple-iphone-13-128gb-midnight
Apple Iphone 13 128 GB,7666666,,898 000 so'm x 12 oy,https://olcha.uz/oz/product/view/apple-iphone-13-128gb
Apple iPhone 11 128GB, White,7760000,10216000,909 000 so'm x 12 oy,https://olcha.uz/oz/product/view/apple-iphone-11-128gb-white
Apple iPhone 11 128GB, Black,7760000,10216000,909 000 so'm x 12 oy,https://olcha.uz/oz/product/view/apple-iphone-11-128gb-black
Apple iPhone 11 64GB, Black,7160000,9388000,839 000 so'm x 12 oy,https://olcha.uz/oz/product/view/apple-iphone-11-64gb
Apple iPhone 11 Pro 64GB, Grey,11223000,11736000,1 315 000 so'm x 12 oy,https://olcha.uz/oz/product/view/apple-iphone-11-pro-64gb-grey
Apple iPhone 11 Pro Dual 64GB, Green,15158000,,1 776 000 so'm x 12 oy,https://olcha.uz/oz/product/view/apple-iphone-11-pro-dual-64gb-green
Apple iPhone 8 64GB, Gold,1500000,,176 000 so'm x 12 oy,https://olcha.uz/oz/product/view/apple-iphone-8-64gb-gold
Apple iPhone 7+ 32GB, Black,5147000,,603 000 so'm x 12 oy,https://olcha.uz/oz/product/view/apple-iphone-7-plus-32gb-black
Samsung Galaxy A7 (2017) 3/32GB Gold Sand A720,1500000,,176 000 so'm x 12 oy,https://olcha.uz/oz/product/view/samsung-galaxy-a7-2016-16gb-gold
